5/31/2015 23:00,11.00225333
5/31/2015 22:00,9.149558889
5/31/2015 21:00,9.502641944
5/31/2015 20:00,9.019731389
5/31/2015 19:00,9.484895278
5/31/2015 18:00,10.42762222
5/31/2015 17:00,11.43626389
5/31/2015 16:00,10.86165472
5/31/2015 15:00,10.72210444
5/31/2015 14:00,13.50865861
5/31/2015 13:00,53.84246028
5/31/2015 12:00,53.90402333
5/31/2015 11:00,57.51345444
5/31/2015 10:00,55.78417972
5/31/2015 9:00,58.22862333
5/31/2015 8:00,54.16083917
5/31/2015 7:00,52.39779333
5/31/2015 6:00,46.34738778
5/31/2015 5:00,41.32411389
5/31/2015 4:00,43.67347889
5/31/2015 3:00,41.51135806
5/31/2015 2:00,11.45770083
5/31/2015 1:00,12.6905775
5/31/2015 0:00,12.80263
5/30/2015 23:00,13.06054028
5/30/2015 22:00,12.95224139
5/30/2015 21:00,12.60988778
5/30/2015 20:00,12.93175611
5/30/2015 19:00,12.10154389
5/30/2015 18:00,10.82732639
5/30/2015 17:00,10.72517361
5/30/2015 16:00,10.86801833
5/30/2015 15:00,10.76469333
5/30/2015 14:00,12.28636806
5/30/2015 13:00,49.48559028
5/30/2015 12:00,49.74864472
5/30/2015 11:00,49.25589056
5/30/2015 10:00,45.34303917
5/30/2015 9:00,44.29124417
5/30/2015 8:00,37.98534528
5/30/2015 7:00,36.60681528
5/30/2015 6:00,38.72521472
5/30/2015 5:00,37.98592667
5/30/2015 4:00,37.23886778
5/30/2015 3:00,36.483345
5/30/2015 2:00,12.31157056
5/30/2015 1:00,12.47095111
5/30/2015 0:00,12.57751361
5/29/2015 23:00,12.5112075
5/29/2015 22:00,12.47200389
5/29/2015 21:00,12.63322083
5/29/2015 20:00,12.87760639
5/29/2015 19:00,13.30847417
5/29/2015 18:00,13.87987417
5/29/2015 17:00,13.91002444
5/29/2015 16:00,16.29070056
5/29/2015 15:00,40.79931028
5/29/2015 14:00,36.07872111
5/29/2015 13:00,42.10130806
5/29/2015 12:00,59.07119194
5/29/2015 11:00,52.69030278
5/29/2015 10:00,60.93379972
5/29/2015 9:00,59.77364722
5/29/2015 8:00,60.28468833
5/29/2015 7:00,60.65391972
5/29/2015 6:00,62.64312056
5/29/2015 5:00,57.58148222
5/29/2015 4:00,52.67240306
5/29/2015 3:00,40.09596361
5/29/2015 2:00,12.06324639
5/29/2015 1:00,13.09679167
5/29/2015 0:00,12.08596639
5/28/2015 23:00,11.96693472
5/28/2015 22:00,11.87438833
5/28/2015 21:00,12.05681028
5/28/2015 20:00,13.37499833
5/28/2015 19:00,12.14998111
5/28/2015 18:00,10.67172389
5/28/2015 17:00,11.16073583
5/28/2015 16:00,13.96880722
5/28/2015 15:00,45.17362139
5/28/2015 14:00,43.49954667
5/28/2015 13:00,49.34846861
5/28/2015 12:00,49.78169083
5/28/2015 11:00,54.88643917
5/28/2015 10:00,64.17454861
5/28/2015 9:00,70.21666861
5/28/2015 8:00,62.50869167
5/28/2015 7:00,62.71908639
5/28/2015 6:00,67.2804325
5/28/2015 5:00,61.05283306
5/28/2015 4:00,56.22306972
5/28/2015 3:00,42.16539417
5/28/2015 2:00,14.32351083
5/28/2015 1:00,14.02132194
5/28/2015 0:00,14.12424639
5/27/2015 23:00,15.04840194
5/27/2015 22:00,13.97867722
5/27/2015 21:00,13.29214917
5/27/2015 20:00,11.66682722
5/27/2015 19:00,11.6186825
5/27/2015 18:00,11.67557111
5/27/2015 17:00,11.96761306
5/27/2015 16:00,13.74594389
5/27/2015 15:00,45.32006806
5/27/2015 14:00,53.6091775
5/27/2015 13:00,52.81847139
5/27/2015 12:00,63.77925167
5/27/2015 11:00,64.93568167
5/27/2015 10:00,62.6085025
5/27/2015 9:00,62.2059125
5/27/2015 8:00,64.03121389
5/27/2015 7:00,64.77439028
5/27/2015 6:00,62.70176056
5/27/2015 5:00,59.02996417
5/27/2015 4:00,52.82317611
5/27/2015 3:00,41.64986694
5/27/2015 2:00,13.45846444
5/27/2015 1:00,13.25084944
5/27/2015 0:00,13.17711306
5/26/2015 23:00,12.98069194
5/26/2015 22:00,14.37605917
5/26/2015 21:00,12.76158611
5/26/2015 20:00,12.96666167
5/26/2015 19:00,12.79977944
5/26/2015 18:00,13.03933833
5/26/2015 17:00,13.12843889
5/26/2015 16:00,18.16800583
5/26/2015 15:00,48.34057
5/26/2015 14:00,46.00691472
5/26/2015 13:00,48.01470139
5/26/2015 12:00,62.47116028
5/26/2015 11:00,65.58907083
5/26/2015 10:00,58.28294806
5/26/2015 9:00,57.10057389
5/26/2015 8:00,55.34026861
5/26/2015 7:00,59.6783
5/26/2015 6:00,56.42095778
5/26/2015 5:00,54.332155
5/26/2015 4:00,50.09047556
5/26/2015 3:00,39.54122
5/26/2015 2:00,15.7566325
5/26/2015 1:00,14.11494056
5/26/2015 0:00,15.12136778
5/25/2015 23:00,14.04339639
5/25/2015 22:00,14.21105917
5/25/2015 21:00,12.30441417
5/25/2015 20:00,12.38965111
5/25/2015 19:00,12.34429417
5/25/2015 18:00,12.70899889
5/25/2015 17:00,15.79485056
5/25/2015 16:00,14.92824917
5/25/2015 15:00,29.700285
5/25/2015 14:00,29.14358194
5/25/2015 13:00,30.038955
5/25/2015 12:00,33.23333972
5/25/2015 11:00,33.26107417
5/25/2015 10:00,34.96375028
5/25/2015 9:00,35.39116806
5/25/2015 8:00,35.62075639
5/25/2015 7:00,35.05973972
5/25/2015 6:00,34.71948556
5/25/2015 5:00,35.16650917
5/25/2015 4:00,35.20574722
5/25/2015 3:00,33.89870583
5/25/2015 2:00,15.95106194
5/25/2015 1:00,14.84084556
5/25/2015 0:00,16.0038225
5/24/2015 23:00,15.00212528
5/24/2015 22:00,15.53250583
5/24/2015 21:00,14.54081444
5/24/2015 20:00,15.74991306
5/24/2015 19:00,14.661315
5/24/2015 18:00,14.49571333
5/24/2015 17:00,14.37688861
5/24/2015 16:00,13.22651833
5/24/2015 15:00,12.0356025
5/24/2015 14:00,13.63348667
5/24/2015 13:00,36.08999222
5/24/2015 12:00,35.70145278
5/24/2015 11:00,40.21958611
5/24/2015 10:00,32.80967333
5/24/2015 9:00,36.1589125
5/24/2015 8:00,32.520905
5/24/2015 7:00,33.60703194
5/24/2015 6:00,34.55590833
5/24/2015 5:00,35.016015
5/24/2015 4:00,35.67930111
5/24/2015 3:00,34.62221611
5/24/2015 2:00,15.86175917
5/24/2015 1:00,15.18527222
5/24/2015 0:00,15.74769806
5/23/2015 23:00,14.90534972
5/23/2015 22:00,15.70434528
5/23/2015 21:00,14.74952611
5/23/2015 20:00,15.90675167
5/23/2015 19:00,15.96781417
5/23/2015 18:00,14.86044556
5/23/2015 17:00,15.65178222
5/23/2015 16:00,14.57427972
5/23/2015 15:00,12.83688389
5/23/2015 14:00,12.99679833
5/23/2015 13:00,41.70975861
5/23/2015 12:00,36.22027583
5/23/2015 11:00,41.22795778
5/23/2015 10:00,36.598335
5/23/2015 9:00,33.36025861
5/23/2015 8:00,30.97191306
5/23/2015 7:00,32.87031972
5/23/2015 6:00,35.18420083
5/23/2015 5:00,37.58458806
5/23/2015 4:00,33.9274425
5/23/2015 3:00,32.24563583
5/23/2015 2:00,15.85741889
5/23/2015 1:00,14.73398194
5/23/2015 0:00,15.33065972
5/22/2015 23:00,14.42924
5/22/2015 22:00,14.518975
5/22/2015 21:00,14.0914375
5/22/2015 20:00,14.44427778
5/22/2015 19:00,14.99323222
5/22/2015 18:00,14.94256222
5/22/2015 17:00,15.26957472
5/22/2015 16:00,16.91742056
5/22/2015 15:00,35.46440417
5/22/2015 14:00,34.79406972
5/22/2015 13:00,38.66191333
5/22/2015 12:00,47.13332389
5/22/2015 11:00,48.37917611
5/22/2015 10:00,49.37943861
5/22/2015 9:00,51.07454028
5/22/2015 8:00,48.67195833
5/22/2015 7:00,51.79451972
5/22/2015 6:00,55.23505639
5/22/2015 5:00,49.22464361
5/22/2015 4:00,44.53882139
5/22/2015 3:00,35.72466278
5/22/2015 2:00,17.18677972
5/22/2015 1:00,17.69176972
5/22/2015 0:00,16.42524222
5/21/2015 23:00,17.79865222
5/21/2015 22:00,16.60449861
5/21/2015 21:00,16.44261444
5/21/2015 20:00,16.63354056
5/21/2015 19:00,16.48094361
5/21/2015 18:00,16.3309625
5/21/2015 17:00,16.59554361
5/21/2015 16:00,18.59237833
5/21/2015 15:00,40.20904528
5/21/2015 14:00,40.03187417
5/21/2015 13:00,47.28010722
5/21/2015 12:00,49.59879639
5/21/2015 11:00,55.00946306
5/21/2015 10:00,52.01524583
5/21/2015 9:00,50.18473667
5/21/2015 8:00,49.29066806
5/21/2015 7:00,49.37921056
5/21/2015 6:00,50.42401056
5/21/2015 5:00,46.665385
5/21/2015 4:00,45.33413722
5/21/2015 3:00,35.29026583
5/21/2015 2:00,15.87058139
5/21/2015 1:00,15.07767917
5/21/2015 0:00,15.97470028
5/20/2015 23:00,14.83609056
5/20/2015 22:00,15.66065583
5/20/2015 21:00,14.80891722
5/20/2015 20:00,17.41661667
5/20/2015 19:00,15.54802472
5/20/2015 18:00,17.03275417
5/20/2015 17:00,17.93546944
5/20/2015 16:00,17.96168278
5/20/2015 15:00,32.19001083
5/20/2015 14:00,37.528315
5/20/2015 13:00,42.20814306
5/20/2015 12:00,48.95732444
5/20/2015 11:00,49.83795472
5/20/2015 10:00,51.81392583
5/20/2015 9:00,49.15264889
5/20/2015 8:00,48.04863389
5/20/2015 7:00,49.4539975
5/20/2015 6:00,50.25187861
5/20/2015 5:00,49.30329833
5/20/2015 4:00,46.63280444
5/20/2015 3:00,36.24182528
5/20/2015 2:00,16.25583778
5/20/2015 1:00,15.13323806
5/20/2015 0:00,15.98214556
5/19/2015 23:00,15.53079556
5/19/2015 22:00,15.35811
5/19/2015 21:00,14.44645417
5/19/2015 20:00,15.8086475
5/19/2015 19:00,15.71753667
5/19/2015 18:00,14.72691778
5/19/2015 17:00,15.36468028
5/19/2015 16:00,16.64182833
5/19/2015 15:00,36.1645175
5/19/2015 14:00,36.82351
5/19/2015 13:00,44.52786194
5/19/2015 12:00,47.44706889
5/19/2015 11:00,50.14461889
5/19/2015 10:00,54.25411056
5/19/2015 9:00,55.60345417
5/19/2015 8:00,51.93181944
5/19/2015 7:00,52.73103583
5/19/2015 6:00,50.18554889
5/19/2015 5:00,48.62617444
5/19/2015 4:00,45.73308139
5/19/2015 3:00,35.2966675
5/19/2015 2:00,15.69659167
5/19/2015 1:00,14.20147444
5/19/2015 0:00,15.17723667
5/18/2015 23:00,14.2880725
5/18/2015 22:00,15.27328222
5/18/2015 21:00,14.16658472
5/18/2015 20:00,14.82869639
5/18/2015 19:00,14.95590306
5/18/2015 18:00,13.86995639
5/18/2015 17:00,15.58539611
5/18/2015 16:00,17.17944778
5/18/2015 15:00,32.67368611
5/18/2015 14:00,35.40403694
5/18/2015 13:00,39.71991222
5/18/2015 12:00,48.66060778
5/18/2015 11:00,51.506335
5/18/2015 10:00,52.00792444
5/18/2015 9:00,49.38181028
5/18/2015 8:00,50.02595222
5/18/2015 7:00,51.65114222
5/18/2015 6:00,50.20433611
5/18/2015 5:00,48.76749556
5/18/2015 4:00,43.55032417
5/18/2015 3:00,35.23809444
5/18/2015 2:00,14.84551111
5/18/2015 1:00,13.49183833
5/18/2015 0:00,14.51789056
5/17/2015 23:00,13.45277194
5/17/2015 22:00,11.59112556
5/17/2015 21:00,11.77851778
5/17/2015 20:00,11.53683611
5/17/2015 19:00,11.96322917
5/17/2015 18:00,14.10490361
5/17/2015 17:00,13.17313389
5/17/2015 16:00,12.40495583
5/17/2015 15:00,11.25748667
5/17/2015 14:00,11.6757725
5/17/2015 13:00,36.58480333
5/17/2015 12:00,38.63116306
5/17/2015 11:00,37.90924667
5/17/2015 10:00,39.83085028
5/17/2015 9:00,39.97967639
5/17/2015 8:00,34.41062417
5/17/2015 7:00,35.91733667
5/17/2015 6:00,34.85815583
5/17/2015 5:00,34.27293833
5/17/2015 4:00,37.23593778
5/17/2015 3:00,30.75852278
5/17/2015 2:00,14.92017667
5/17/2015 1:00,13.60739889
5/17/2015 0:00,13.50657889
5/16/2015 23:00,12.47646889
5/16/2015 22:00,12.28567278
5/16/2015 21:00,14.24044556
5/16/2015 20:00,14.82051944
5/16/2015 19:00,13.32156694
5/16/2015 18:00,12.48550194
5/16/2015 17:00,13.84681611
5/16/2015 16:00,13.88536528
5/16/2015 15:00,13.71393861
5/16/2015 14:00,15.31175167
5/16/2015 13:00,34.85702111
5/16/2015 12:00,41.52996333
5/16/2015 11:00,39.05839417
5/16/2015 10:00,39.59942556
5/16/2015 9:00,38.19624583
5/16/2015 8:00,35.12453361
5/16/2015 7:00,36.83367667
5/16/2015 6:00,37.20761806
5/16/2015 5:00,38.22135639
5/16/2015 4:00,36.88357389
5/16/2015 3:00,33.72582417
5/16/2015 2:00,14.03727056
5/16/2015 1:00,15.34613028
5/16/2015 0:00,14.12995861
5/15/2015 23:00,15.08729
5/15/2015 22:00,12.89658389
5/15/2015 21:00,12.63277139
5/15/2015 20:00,13.41618778
5/15/2015 19:00,13.16096
5/15/2015 18:00,12.99921472
5/15/2015 17:00,12.78155444
5/15/2015 16:00,15.04648361
5/15/2015 15:00,38.38053722
5/15/2015 14:00,35.36622694
5/15/2015 13:00,39.93626611
5/15/2015 12:00,49.04686417
5/15/2015 11:00,57.71618611
5/15/2015 10:00,56.10955472
5/15/2015 9:00,52.13511944
5/15/2015 8:00,54.97968
5/15/2015 7:00,61.72631389
5/15/2015 6:00,62.26982917
5/15/2015 5:00,53.20267778
5/15/2015 4:00,53.3223675
5/15/2015 3:00,40.72881694
5/15/2015 2:00,13.35715722
5/15/2015 1:00,13.12947611
5/15/2015 0:00,13.1746725
5/14/2015 23:00,12.96578278
5/14/2015 22:00,13.293845
5/14/2015 21:00,13.05204333
5/14/2015 20:00,13.16515889
5/14/2015 19:00,13.39159083
5/14/2015 18:00,13.12725167
5/14/2015 17:00,13.96925417
5/14/2015 16:00,16.11064
5/14/2015 15:00,42.37968833
5/14/2015 14:00,45.71428917
5/14/2015 13:00,52.06049167
5/14/2015 12:00,59.0043575
5/14/2015 11:00,64.4283975
5/14/2015 10:00,63.03706778
5/14/2015 9:00,61.71669917
5/14/2015 8:00,60.58736861
5/14/2015 7:00,63.74401194
5/14/2015 6:00,59.073485
5/14/2015 5:00,54.80378806
5/14/2015 4:00,54.38977167
5/14/2015 3:00,38.88566472
5/14/2015 2:00,13.35420056
5/14/2015 1:00,13.42523083
5/14/2015 0:00,14.8232225
5/13/2015 23:00,13.85411778
5/13/2015 22:00,13.01925694
5/13/2015 21:00,11.78968472
5/13/2015 20:00,11.93242667
5/13/2015 19:00,12.77678028
5/13/2015 18:00,16.91414306
5/13/2015 17:00,15.23805917
5/13/2015 16:00,19.14217972
5/13/2015 15:00,39.389625
5/13/2015 14:00,41.72619583
5/13/2015 13:00,50.59677667
5/13/2015 12:00,48.94580111
5/13/2015 11:00,52.11622972
5/13/2015 10:00,52.69678806
5/13/2015 9:00,52.84929139
5/13/2015 8:00,51.46300556
5/13/2015 7:00,53.09949833
5/13/2015 6:00,51.48895028
5/13/2015 5:00,51.64228361
5/13/2015 4:00,48.75254333
5/13/2015 3:00,38.20705
5/13/2015 2:00,12.41537
5/13/2015 1:00,12.09479861
5/13/2015 0:00,12.06657389
5/12/2015 23:00,12.03764306
5/12/2015 22:00,12.0539
5/12/2015 21:00,12.10694667
5/12/2015 20:00,12.11134167
5/12/2015 19:00,11.99467639
5/12/2015 18:00,14.66916389
5/12/2015 17:00,15.40395667
5/12/2015 16:00,15.90197667
5/12/2015 15:00,39.36041417
5/12/2015 14:00,37.74910167
5/12/2015 13:00,44.46581056
5/12/2015 12:00,52.11165028
5/12/2015 11:00,57.36336333
5/12/2015 10:00,56.88367917
5/12/2015 9:00,57.83651167
5/12/2015 8:00,55.91400417
5/12/2015 7:00,54.23008889
5/12/2015 6:00,57.44092278
5/12/2015 5:00,50.56399972
5/12/2015 4:00,43.2909125
5/12/2015 3:00,33.21666667
5/12/2015 2:00,16.08010639
5/12/2015 1:00,14.68003833
5/12/2015 0:00,15.52909389
5/11/2015 23:00,14.70998139
5/11/2015 22:00,15.50282722
5/11/2015 21:00,14.28806667
5/11/2015 20:00,16.8279875
5/11/2015 19:00,14.37764028
5/11/2015 18:00,15.56099194
5/11/2015 17:00,15.3306525
5/11/2015 16:00,17.24088083
5/11/2015 15:00,33.63743167
5/11/2015 14:00,36.38837194
5/11/2015 13:00,45.06472944
5/11/2015 12:00,51.75392694
5/11/2015 11:00,52.26708083
5/11/2015 10:00,48.80277889
5/11/2015 9:00,52.22894444
5/11/2015 8:00,51.60469278
5/11/2015 7:00,55.4274
5/11/2015 6:00,50.99488028
5/11/2015 5:00,47.38659611
5/11/2015 4:00,44.99189139
5/11/2015 3:00,33.87206222
5/11/2015 2:00,15.87102361
5/11/2015 1:00,14.391925
5/11/2015 0:00,14.89926111
5/10/2015 23:00,14.28467444
5/10/2015 22:00,15.18723861
5/10/2015 21:00,14.17548833
5/10/2015 20:00,15.24462222
5/10/2015 19:00,13.93772694
5/10/2015 18:00,14.30181583
5/10/2015 17:00,14.62048167
5/10/2015 16:00,13.99116917
5/10/2015 15:00,15.08383333
5/10/2015 14:00,16.19534333
5/10/2015 13:00,33.40863972
5/10/2015 12:00,32.91585639
5/10/2015 11:00,33.17962222
5/10/2015 10:00,31.92686611
5/10/2015 9:00,32.20106694
5/10/2015 8:00,29.0808
5/10/2015 7:00,30.83537583
5/10/2015 6:00,29.6541975
5/10/2015 5:00,30.02143222
5/10/2015 4:00,27.43707222
5/10/2015 3:00,27.68939583
5/10/2015 2:00,14.96200528
5/10/2015 1:00,13.95275778
5/10/2015 0:00,15.00070667
5/9/2015 23:00,13.83509778
5/9/2015 22:00,14.73870444
5/9/2015 21:00,14.32039667
5/9/2015 20:00,14.77626944
5/9/2015 19:00,13.45067167
5/9/2015 18:00,13.69504639
5/9/2015 17:00,14.22158806
5/9/2015 16:00,13.41234694
5/9/2015 15:00,14.38614444
5/9/2015 14:00,14.68322028
5/9/2015 13:00,31.93042778
5/9/2015 12:00,32.47720139
5/9/2015 11:00,31.24667472
5/9/2015 10:00,31.44344194
5/9/2015 9:00,31.13917083
5/9/2015 8:00,30.71609806
5/9/2015 7:00,28.06244556
5/9/2015 6:00,27.61573778
5/9/2015 5:00,27.13938833
5/9/2015 4:00,28.35219139
5/9/2015 3:00,30.12265111
5/9/2015 2:00,14.23092778
5/9/2015 1:00,13.06673389
5/9/2015 0:00,14.32544861
5/8/2015 23:00,12.94003306
5/8/2015 22:00,13.88039194
5/8/2015 21:00,12.83839833
5/8/2015 20:00,15.66763333
5/8/2015 19:00,13.37330472
5/8/2015 18:00,13.32750222
5/8/2015 17:00,15.13607611
5/8/2015 16:00,16.60186389
5/8/2015 15:00,35.65391472
5/8/2015 14:00,32.45324889
5/8/2015 13:00,36.4635875
5/8/2015 12:00,46.59775528
5/8/2015 11:00,50.71907361
5/8/2015 10:00,47.58358444
5/8/2015 9:00,48.42612611
5/8/2015 8:00,48.28816694
5/8/2015 7:00,49.93881944
5/8/2015 6:00,49.53625889
5/8/2015 5:00,49.39414056
5/8/2015 4:00,43.03082528
5/8/2015 3:00,32.84158833
5/8/2015 2:00,14.46600611
5/8/2015 1:00,13.432565
5/8/2015 0:00,14.4639525
5/7/2015 23:00,13.38921389
5/7/2015 22:00,14.33711583
5/7/2015 21:00,13.10659972
5/7/2015 20:00,14.42917306
5/7/2015 19:00,13.03131806
5/7/2015 18:00,13.24754444
5/7/2015 17:00,17.09607472
5/7/2015 16:00,17.21069306
5/7/2015 15:00,34.6755875
5/7/2015 14:00,34.89346972
5/7/2015 13:00,39.93964389
5/7/2015 12:00,51.01103806
5/7/2015 11:00,51.82013806
5/7/2015 10:00,55.68342333
5/7/2015 9:00,52.70626278
5/7/2015 8:00,56.56232889
5/7/2015 7:00,55.20670917
5/7/2015 6:00,52.61199889
5/7/2015 5:00,50.55723306
5/7/2015 4:00,45.50906194
5/7/2015 3:00,38.15358722
5/7/2015 2:00,14.50738528
5/7/2015 1:00,13.59177528
5/7/2015 0:00,14.49135361
5/6/2015 23:00,13.38124167
5/6/2015 22:00,12.634945
5/6/2015 21:00,11.55706167
5/6/2015 20:00,11.50466111
5/6/2015 19:00,14.7882
5/6/2015 18:00,14.27994028
5/6/2015 17:00,14.13121083
5/6/2015 16:00,16.8217325
5/6/2015 15:00,36.68419167
5/6/2015 14:00,37.46975861
5/6/2015 13:00,40.03132528
5/6/2015 12:00,52.45900722
5/6/2015 11:00,61.03315139
5/6/2015 10:00,64.54851944
5/6/2015 9:00,58.41291722
5/6/2015 8:00,55.96959
5/6/2015 7:00,57.50089167
5/6/2015 6:00,54.61919972
5/6/2015 5:00,54.13708417
5/6/2015 4:00,47.98899444
5/6/2015 3:00,38.28305583
5/6/2015 2:00,13.30249833
5/6/2015 1:00,13.13498944
5/6/2015 0:00,14.03939333
5/5/2015 23:00,13.109715
5/5/2015 22:00,13.87657583
5/5/2015 21:00,11.69216694
5/5/2015 20:00,15.22044917
5/5/2015 19:00,13.93383889
5/5/2015 18:00,13.51646694
5/5/2015 17:00,13.900995
5/5/2015 16:00,15.68657583
5/5/2015 15:00,34.80838083
5/5/2015 14:00,39.18773583
5/5/2015 13:00,42.60191806
5/5/2015 12:00,49.719595
5/5/2015 11:00,52.06640389
5/5/2015 10:00,52.03025861
5/5/2015 9:00,58.00954361
5/5/2015 8:00,53.61168222
5/5/2015 7:00,52.80710861
5/5/2015 6:00,53.03154667
5/5/2015 5:00,52.46906361
5/5/2015 4:00,45.06077333
5/5/2015 3:00,35.85325
5/5/2015 2:00,13.18252417
5/5/2015 1:00,11.39602361
5/5/2015 0:00,11.36310694
5/4/2015 23:00,11.28560472
5/4/2015 22:00,11.26782083
5/4/2015 21:00,11.30493889
5/4/2015 20:00,11.48024972
5/4/2015 19:00,13.10342667
5/4/2015 18:00,13.40113222
5/4/2015 17:00,14.41114472
5/4/2015 16:00,17.49414361
5/4/2015 15:00,34.39745833
5/4/2015 14:00,33.9071875
5/4/2015 13:00,40.90013056
5/4/2015 12:00,49.84087472
5/4/2015 11:00,51.80308278
5/4/2015 10:00,55.10000889
5/4/2015 9:00,51.55290306
5/4/2015 8:00,52.08687
5/4/2015 7:00,55.16204944
5/4/2015 6:00,52.71600333
5/4/2015 5:00,51.115055
5/4/2015 4:00,45.65473083
5/4/2015 3:00,34.94953861
5/4/2015 2:00,12.55287667
5/4/2015 1:00,11.2619425
5/4/2015 0:00,11.52393306
5/3/2015 23:00,11.55769778
5/3/2015 22:00,11.15563222
5/3/2015 21:00,11.32232694
5/3/2015 20:00,11.43021806
5/3/2015 19:00,11.30447556
5/3/2015 18:00,11.42007167
5/3/2015 17:00,13.43378528
5/3/2015 16:00,13.0471025
5/3/2015 15:00,13.45996806
5/3/2015 14:00,12.86979694
5/3/2015 13:00,40.73280639
5/3/2015 12:00,38.97511194
5/3/2015 11:00,40.42239611
5/3/2015 10:00,44.66612472
5/3/2015 9:00,47.38976972
5/3/2015 8:00,40.7633025
5/3/2015 7:00,43.98237611
5/3/2015 6:00,42.30683111
5/3/2015 5:00,38.44675917
5/3/2015 4:00,36.99779
5/3/2015 3:00,36.70687972
5/3/2015 2:00,12.06895056
5/3/2015 1:00,12.91570889
5/3/2015 0:00,12.83246861
5/2/2015 23:00,12.60031528
5/2/2015 22:00,12.71699194
5/2/2015 21:00,12.88380667
5/2/2015 20:00,12.71647861
5/2/2015 19:00,10.7580525
5/2/2015 18:00,11.05880972
5/2/2015 17:00,12.14721861
5/2/2015 16:00,12.31623361
5/2/2015 15:00,11.14050111
5/2/2015 14:00,12.77398278
5/2/2015 13:00,40.25017611
5/2/2015 12:00,39.95978722
5/2/2015 11:00,40.93308667
5/2/2015 10:00,45.23764889
5/2/2015 9:00,49.21159889
5/2/2015 8:00,42.76390417
5/2/2015 7:00,42.60939306
5/2/2015 6:00,38.83717111
5/2/2015 5:00,36.40512
5/2/2015 4:00,37.01828
5/2/2015 3:00,39.21441528
5/2/2015 2:00,12.62288139
5/2/2015 1:00,12.66717778
5/2/2015 0:00,12.9091825
5/1/2015 23:00,12.7623725
5/1/2015 22:00,12.69672083
5/1/2015 21:00,12.42923167
5/1/2015 20:00,12.55708139
5/1/2015 19:00,12.61031917
5/1/2015 18:00,12.48678806
5/1/2015 17:00,12.48510556
5/1/2015 16:00,14.30857944
5/1/2015 15:00,40.65081694
5/1/2015 14:00,38.18627111
5/1/2015 13:00,41.10623861
5/1/2015 12:00,56.28749361
5/1/2015 11:00,60.42787611
5/1/2015 10:00,56.29795528
5/1/2015 9:00,62.50660389
5/1/2015 8:00,61.15533306
5/1/2015 7:00,55.39683611
5/1/2015 6:00,56.68428778
5/1/2015 5:00,55.22140806
5/1/2015 4:00,51.75287944
5/1/2015 3:00,39.73900361
5/1/2015 2:00,12.55587972
5/1/2015 1:00,13.25588333
5/1/2015 0:00,12.35791806
4/30/2015 23:00,12.06294389
4/30/2015 22:00,12.35123639
4/30/2015 21:00,12.3688125
4/30/2015 20:00,12.67684833
4/30/2015 19:00,13.93965333
4/30/2015 18:00,13.74648028
4/30/2015 17:00,16.10654361
4/30/2015 16:00,18.08707972
4/30/2015 15:00,43.54519278
4/30/2015 14:00,41.55137278
4/30/2015 13:00,49.54103056
4/30/2015 12:00,66.49457472
4/30/2015 11:00,68.56295667
4/30/2015 10:00,68.25333833
4/30/2015 9:00,69.26587611
4/30/2015 8:00,69.00644861
4/30/2015 7:00,69.25121083
4/30/2015 6:00,65.37097917
4/30/2015 5:00,66.52971444
4/30/2015 4:00,57.06175389
4/30/2015 3:00,43.38631583
4/30/2015 2:00,12.54344861
4/30/2015 1:00,12.41708333
4/30/2015 0:00,12.21955194
4/29/2015 23:00,12.09172333
4/29/2015 22:00,12.427935
4/29/2015 21:00,16.17923111
4/29/2015 20:00,15.69827528
4/29/2015 19:00,14.41777556
4/29/2015 18:00,14.45018139
4/29/2015 17:00,14.48019861
4/29/2015 16:00,14.84594083
4/29/2015 15:00,38.28609889
4/29/2015 14:00,43.60767222
4/29/2015 13:00,50.23016972
4/29/2015 12:00,61.54122806
4/29/2015 11:00,64.78781194
4/29/2015 10:00,61.88164583
4/29/2015 9:00,59.61879528
4/29/2015 8:00,56.98254056
4/29/2015 7:00,64.57266889
4/29/2015 6:00,61.66626167
4/29/2015 5:00,61.92913472
4/29/2015 4:00,54.3365175
4/29/2015 3:00,38.54189722
4/29/2015 2:00,15.74830083
4/29/2015 1:00,14.46210889
4/29/2015 0:00,15.73830556
4/28/2015 23:00,14.23505222
4/28/2015 22:00,15.40105972
4/28/2015 21:00,14.119285
4/28/2015 20:00,15.09348083
4/28/2015 19:00,16.47714361
4/28/2015 18:00,16.71564611
4/28/2015 17:00,16.39649083
4/28/2015 16:00,18.53076333
4/28/2015 15:00,39.37164528
4/28/2015 14:00,39.81338972
4/28/2015 13:00,43.62243917
4/28/2015 12:00,51.73506972
4/28/2015 11:00,50.7520875
4/28/2015 10:00,52.63792389
4/28/2015 9:00,52.78737639
4/28/2015 8:00,52.70201722
4/28/2015 7:00,55.35831417
4/28/2015 6:00,52.83958639
4/28/2015 5:00,52.85764444
4/28/2015 4:00,49.17893167
4/28/2015 3:00,37.1525975
4/28/2015 2:00,15.31612333
4/28/2015 1:00,13.62069194
4/28/2015 0:00,14.97212861
4/27/2015 23:00,13.76999917
4/27/2015 22:00,14.37173333
4/27/2015 21:00,13.7500175
4/27/2015 20:00,16.48461056
4/27/2015 19:00,14.46246333
4/27/2015 18:00,15.12210111
4/27/2015 17:00,16.64889083
4/27/2015 16:00,18.46169389
4/27/2015 15:00,33.68205444
4/27/2015 14:00,34.12948972
4/27/2015 13:00,38.758045
4/27/2015 12:00,46.03697083
4/27/2015 11:00,50.40298361
4/27/2015 10:00,52.15405889
4/27/2015 9:00,49.29129972
4/27/2015 8:00,48.05974167
4/27/2015 7:00,50.28039972
4/27/2015 6:00,48.05910361
4/27/2015 5:00,46.47709083
4/27/2015 4:00,44.91186972
4/27/2015 3:00,33.838965
4/27/2015 2:00,15.87406694
4/27/2015 1:00,14.91278361
4/27/2015 0:00,16.05192583
4/26/2015 23:00,14.17307889
4/26/2015 22:00,15.16823556
4/26/2015 21:00,13.88552917
4/26/2015 20:00,14.977445
4/26/2015 19:00,14.01439194
4/26/2015 18:00,14.32162556
4/26/2015 17:00,14.859555
4/26/2015 16:00,14.32187222
4/26/2015 15:00,15.19749722
4/26/2015 14:00,18.45137611
4/26/2015 13:00,36.46483194
4/26/2015 12:00,35.70871611
4/26/2015 11:00,35.87570639
4/26/2015 10:00,35.34432806
4/26/2015 9:00,35.63743306
4/26/2015 8:00,33.43770306
4/26/2015 7:00,33.68189028
4/26/2015 6:00,32.28343083
4/26/2015 5:00,32.68865417
4/26/2015 4:00,32.25434056
4/26/2015 3:00,33.80458
4/26/2015 2:00,16.64677306
4/26/2015 1:00,15.73271972
4/26/2015 0:00,17.03560722
4/25/2015 23:00,14.51923917
4/25/2015 22:00,15.20588306
4/25/2015 21:00,13.97760167
4/25/2015 20:00,15.72289528
4/25/2015 19:00,14.23668222
4/25/2015 18:00,13.83699639
4/25/2015 17:00,13.94827
4/25/2015 16:00,13.99063639
4/25/2015 15:00,13.13433194
4/25/2015 14:00,13.64422306
4/25/2015 13:00,39.45369306
4/25/2015 12:00,42.38265361
4/25/2015 11:00,42.48872306
4/25/2015 10:00,39.84448667
4/25/2015 9:00,42.22818361
4/25/2015 8:00,35.32792028
4/25/2015 7:00,36.61895056
4/25/2015 6:00,36.62065861
4/25/2015 5:00,37.91443667
4/25/2015 4:00,37.29638639
4/25/2015 3:00,35.00277861
4/25/2015 2:00,16.6121025
4/25/2015 1:00,15.83085694
4/25/2015 0:00,15.26852833
4/24/2015 23:00,14.34556417
4/24/2015 22:00,15.54830917
4/24/2015 21:00,14.45008222
4/24/2015 20:00,15.27017139
4/24/2015 19:00,13.85795361
4/24/2015 18:00,12.57320972
4/24/2015 17:00,12.94085083
4/24/2015 16:00,15.85404389
4/24/2015 15:00,37.26039333
4/24/2015 14:00,33.78305972
4/24/2015 13:00,40.40793028
4/24/2015 12:00,49.18129806
4/24/2015 11:00,48.29280528
4/24/2015 10:00,48.9871925
4/24/2015 9:00,52.65533889
4/24/2015 8:00,56.87629194
4/24/2015 7:00,54.36387778
4/24/2015 6:00,57.04931222
4/24/2015 5:00,62.40784528
4/24/2015 4:00,54.29452694
4/24/2015 3:00,38.74282861
4/24/2015 2:00,13.23466694
4/24/2015 1:00,14.359785
4/24/2015 0:00,11.52860194
4/23/2015 23:00,12.92947389
4/23/2015 22:00,11.43356111
4/23/2015 21:00,11.42766111
4/23/2015 20:00,13.40241611
4/23/2015 19:00,13.33727833
4/23/2015 18:00,13.09013861
4/23/2015 17:00,13.67150139
4/23/2015 16:00,16.72340806
4/23/2015 15:00,39.25169444
4/23/2015 14:00,37.30299278
4/23/2015 13:00,44.685705
4/23/2015 12:00,55.50678028
4/23/2015 11:00,55.17555639
4/23/2015 10:00,52.63537528
4/23/2015 9:00,52.44023528
4/23/2015 8:00,56.90585333
4/23/2015 7:00,56.06766833
4/23/2015 6:00,59.80355333
4/23/2015 5:00,56.33082194
4/23/2015 4:00,53.80226639
4/23/2015 3:00,41.395165
4/23/2015 2:00,14.70476917
4/23/2015 1:00,14.67673
4/23/2015 0:00,12.88493083
4/22/2015 23:00,12.28349333
4/22/2015 22:00,12.50584889
4/22/2015 21:00,12.707025
4/22/2015 20:00,13.93182361
4/22/2015 19:00,13.63641083
4/22/2015 18:00,13.88937139
4/22/2015 17:00,13.91689444
4/22/2015 16:00,16.72051861
4/22/2015 15:00,36.68998167
4/22/2015 14:00,40.40813361
4/22/2015 13:00,45.8369625
4/22/2015 12:00,55.13821417
4/22/2015 11:00,53.99858889
4/22/2015 10:00,58.94648972
4/22/2015 9:00,56.92368444
4/22/2015 8:00,54.50505222
4/22/2015 7:00,60.35152889
4/22/2015 6:00,60.67203083
4/22/2015 5:00,52.18294583
4/22/2015 4:00,47.76723972
4/22/2015 3:00,36.19245444
4/22/2015 2:00,14.22076306
4/22/2015 1:00,14.616465
4/22/2015 0:00,13.8510625
4/21/2015 23:00,14.81311306
4/21/2015 22:00,13.64244944
4/21/2015 21:00,14.77072722
4/21/2015 20:00,12.86895111
4/21/2015 19:00,13.17493528
4/21/2015 18:00,13.08377639
4/21/2015 17:00,13.49063611
4/21/2015 16:00,16.54488583
4/21/2015 15:00,40.22739444
4/21/2015 14:00,35.47612
4/21/2015 13:00,41.23661028
4/21/2015 12:00,51.53089667
4/21/2015 11:00,54.15192472
4/21/2015 10:00,54.99403556
4/21/2015 9:00,52.85790444
4/21/2015 8:00,54.73568111
4/21/2015 7:00,58.58843361
4/21/2015 6:00,60.818215
4/21/2015 5:00,56.70716417
4/21/2015 4:00,48.43062278
4/21/2015 3:00,36.16198917
4/21/2015 2:00,15.21240972
4/21/2015 1:00,13.97581972
4/21/2015 0:00,15.08384694
4/20/2015 23:00,14.13701889
4/20/2015 22:00,14.74822833
4/20/2015 21:00,13.54146611
4/20/2015 20:00,16.90992778
4/20/2015 19:00,14.4828425
4/20/2015 18:00,15.38208778
4/20/2015 17:00,19.18344583
4/20/2015 16:00,20.02152833
4/20/2015 15:00,34.9031275
4/20/2015 14:00,35.26371222
4/20/2015 13:00,39.39670861
4/20/2015 12:00,49.81242417
4/20/2015 11:00,51.39139722
4/20/2015 10:00,52.30648861
4/20/2015 9:00,51.91355528
4/20/2015 8:00,54.13537583
4/20/2015 7:00,53.28049889
4/20/2015 6:00,50.97236222
4/20/2015 5:00,51.05337611
4/20/2015 4:00,43.90854139
4/20/2015 3:00,33.05892472
4/20/2015 2:00,16.27495306
4/20/2015 1:00,14.8825275
4/20/2015 0:00,15.85459139
4/19/2015 23:00,14.83746528
4/19/2015 22:00,15.46616361
4/19/2015 21:00,14.64206444
4/19/2015 20:00,15.91867556
4/19/2015 19:00,15.72032278
4/19/2015 18:00,14.73956306
4/19/2015 17:00,16.13186
4/19/2015 16:00,14.64246694
4/19/2015 15:00,15.87347194
4/19/2015 14:00,16.35822139
4/19/2015 13:00,38.60724694
4/19/2015 12:00,38.7325725
4/19/2015 11:00,37.94137444
4/19/2015 10:00,37.93091333
4/19/2015 9:00,37.8353025
4/19/2015 8:00,33.842295
4/19/2015 7:00,33.58336
4/19/2015 6:00,31.82749194
4/19/2015 5:00,32.51046667
4/19/2015 4:00,29.31829722
4/19/2015 3:00,30.56781833
4/19/2015 2:00,17.08352778
4/19/2015 1:00,15.90536528
4/19/2015 0:00,16.86279917
4/18/2015 23:00,15.99862917
4/18/2015 22:00,17.01391889
4/18/2015 21:00,15.93455389
4/18/2015 20:00,17.09622889
4/18/2015 19:00,15.68421639
4/18/2015 18:00,16.6653625
4/18/2015 17:00,16.245755
4/18/2015 16:00,15.90137194
4/18/2015 15:00,17.25610472
4/18/2015 14:00,16.78988972
4/18/2015 13:00,34.62984667
4/18/2015 12:00,36.75401528
4/18/2015 11:00,38.83618917
4/18/2015 10:00,40.39547167
4/18/2015 9:00,38.9239525
4/18/2015 8:00,33.01698278
4/18/2015 7:00,32.19122889
4/18/2015 6:00,28.54648306
4/18/2015 5:00,28.59942278
4/18/2015 4:00,28.9777175
4/18/2015 3:00,30.48914556
4/18/2015 2:00,15.80481667
4/18/2015 1:00,14.54020611
4/18/2015 0:00,15.76313611
4/17/2015 23:00,14.53526278
4/17/2015 22:00,15.30644944
4/17/2015 21:00,14.66090028
4/17/2015 20:00,17.77755889
4/17/2015 19:00,15.12644833
4/17/2015 18:00,14.54629583
4/17/2015 17:00,15.76976417
4/17/2015 16:00,15.79846
4/17/2015 15:00,33.57124306
4/17/2015 14:00,34.80409472
4/17/2015 13:00,39.58480389
4/17/2015 12:00,45.98430222
4/17/2015 11:00,51.00714667
4/17/2015 10:00,47.09113056
4/17/2015 9:00,47.74189667
4/17/2015 8:00,48.18275528
4/17/2015 7:00,45.85305
4/17/2015 6:00,46.48952028
4/17/2015 5:00,44.33624167
4/17/2015 4:00,41.35004139
4/17/2015 3:00,34.63036083
4/17/2015 2:00,15.44396556
4/17/2015 1:00,13.65111139
4/17/2015 0:00,14.82971417
4/16/2015 23:00,14.12161222
4/16/2015 22:00,14.56925722
4/16/2015 21:00,13.56663194
4/16/2015 20:00,16.75019528
4/16/2015 19:00,15.06267972
4/16/2015 18:00,14.1227775
4/16/2015 17:00,15.10239194
4/16/2015 16:00,16.75026194
4/16/2015 15:00,36.11046833
4/16/2015 14:00,34.76987556
4/16/2015 13:00,43.93865278
4/16/2015 12:00,48.39139194
4/16/2015 11:00,50.78661917
4/16/2015 10:00,52.19212306
4/16/2015 9:00,47.19659639
4/16/2015 8:00,48.14878611
4/16/2015 7:00,48.31704139
4/16/2015 6:00,49.08119944
4/16/2015 5:00,47.99253722
4/16/2015 4:00,46.18473917
4/16/2015 3:00,36.53536444
4/16/2015 2:00,15.76887389
4/16/2015 1:00,13.12790139
4/16/2015 0:00,14.24604111
4/15/2015 23:00,13.37758889
4/15/2015 22:00,14.13069333
4/15/2015 21:00,13.31703694
4/15/2015 20:00,13.94661139
4/15/2015 19:00,14.44063556
4/15/2015 18:00,14.1816
4/15/2015 17:00,14.82611639
4/15/2015 16:00,17.67688694
4/15/2015 15:00,34.87098361
4/15/2015 14:00,38.44439111
4/15/2015 13:00,43.4296925
4/15/2015 12:00,49.31737472
4/15/2015 11:00,50.13543389
4/15/2015 10:00,53.6189125
4/15/2015 9:00,53.60530694
4/15/2015 8:00,56.27663278
4/15/2015 7:00,54.933065
4/15/2015 6:00,63.07425889
4/15/2015 5:00,55.59734194
4/15/2015 4:00,48.00144
4/15/2015 3:00,36.12714389
4/15/2015 2:00,13.22157333
4/15/2015 1:00,11.46303417
4/15/2015 0:00,11.59193028
4/14/2015 23:00,11.52881167
4/14/2015 22:00,11.45165111
4/14/2015 21:00,11.42516472
4/14/2015 20:00,11.45177694
4/14/2015 19:00,12.42474722
4/14/2015 18:00,11.8215875
4/14/2015 17:00,11.84074778
4/14/2015 16:00,14.32697917
4/14/2015 15:00,42.92934972
4/14/2015 14:00,43.1677075
4/14/2015 13:00,50.71118639
4/14/2015 12:00,55.58402444
4/14/2015 11:00,60.44132194
4/14/2015 10:00,59.73453639
4/14/2015 9:00,60.79922889
4/14/2015 8:00,59.68612278
4/14/2015 7:00,61.0424925
4/14/2015 6:00,64.34256222
4/14/2015 5:00,64.42353083
4/14/2015 4:00,48.68714694
4/14/2015 3:00,36.15218917
4/14/2015 2:00,14.06388167
4/14/2015 1:00,13.95940333
4/14/2015 0:00,12.14570667
4/13/2015 23:00,12.67784167
4/13/2015 22:00,11.50706083
4/13/2015 21:00,11.25185778
4/13/2015 20:00,11.69705194
4/13/2015 19:00,12.74175333
4/13/2015 18:00,11.70579806
4/13/2015 17:00,12.54147944
4/13/2015 16:00,15.89022417
4/13/2015 15:00,36.64184611
4/13/2015 14:00,41.02351139
4/13/2015 13:00,47.02452972
4/13/2015 12:00,55.53226139
4/13/2015 11:00,61.51761611
4/13/2015 10:00,61.10327556
4/13/2015 9:00,57.3461775
4/13/2015 8:00,63.10351194
4/13/2015 7:00,60.95712611
4/13/2015 6:00,54.23163944
4/13/2015 5:00,52.25852639
4/13/2015 4:00,47.76556583
4/13/2015 3:00,35.53953639
4/13/2015 2:00,14.36100833
4/13/2015 1:00,12.64972139
4/13/2015 0:00,13.97098139
4/12/2015 23:00,12.89454861
4/12/2015 22:00,13.65766556
4/12/2015 21:00,12.72456444
4/12/2015 20:00,14.13959694
4/12/2015 19:00,12.53461694
4/12/2015 18:00,11.59591889
4/12/2015 17:00,15.10331111
4/12/2015 16:00,14.37679167
4/12/2015 15:00,11.18172472
4/12/2015 14:00,11.37882028
4/12/2015 13:00,38.61388444
4/12/2015 12:00,38.33009306
4/12/2015 11:00,37.98779667
4/12/2015 10:00,38.40834528
4/12/2015 9:00,37.79479917
4/12/2015 8:00,30.44449778
4/12/2015 7:00,32.160465
4/12/2015 6:00,33.91028722
4/12/2015 5:00,35.11506444
4/12/2015 4:00,32.64649083
4/12/2015 3:00,29.46626778
4/12/2015 2:00,12.63693778
4/12/2015 1:00,11.475675
4/12/2015 0:00,12.42465278
4/11/2015 23:00,11.691485
4/11/2015 22:00,11.38018083
4/11/2015 21:00,11.29521889
4/11/2015 20:00,11.49705722
4/11/2015 19:00,11.53672611
4/11/2015 18:00,11.57166
4/11/2015 17:00,11.30655778
4/11/2015 16:00,10.63108889
4/11/2015 15:00,9.726041389
4/11/2015 14:00,10.78158389
4/11/2015 13:00,41.91487722
4/11/2015 12:00,41.52535333
4/11/2015 11:00,42.18527
4/11/2015 10:00,41.49814389
4/11/2015 9:00,39.82367389
4/11/2015 8:00,33.02197861
4/11/2015 7:00,32.99079722
4/11/2015 6:00,31.47106
4/11/2015 5:00,30.90292139
4/11/2015 4:00,32.24088111
4/11/2015 3:00,28.84671806
4/11/2015 2:00,13.74379389
4/11/2015 1:00,12.82149806
4/11/2015 0:00,14.00331972
4/10/2015 23:00,12.78124611
4/10/2015 22:00,14.10614917
4/10/2015 21:00,12.83272889
4/10/2015 20:00,13.56865667
4/10/2015 19:00,12.60508222
4/10/2015 18:00,13.70866111
4/10/2015 17:00,12.42759194
4/10/2015 16:00,13.23655556
4/10/2015 15:00,36.13249361
4/10/2015 14:00,33.71046472
4/10/2015 13:00,37.65464417
4/10/2015 12:00,46.29370306
4/10/2015 11:00,50.12424611
4/10/2015 10:00,54.02997583
4/10/2015 9:00,50.75556917
4/10/2015 8:00,56.35885528
4/10/2015 7:00,54.15267389
4/10/2015 6:00,57.81021778
4/10/2015 5:00,51.37339528
4/10/2015 4:00,48.03322194
4/10/2015 3:00,34.46850583
4/10/2015 2:00,15.68253722
4/10/2015 1:00,13.83516083
4/10/2015 0:00,14.41980361
4/9/2015 23:00,13.78835056
4/9/2015 22:00,14.3804325
4/9/2015 21:00,13.48568583
4/9/2015 20:00,18.22860694
4/9/2015 19:00,14.92290472
4/9/2015 18:00,14.04992667
4/9/2015 17:00,15.74439833
4/9/2015 16:00,16.93279167
4/9/2015 15:00,37.29080556
4/9/2015 14:00,38.2764475
4/9/2015 13:00,46.6570125
4/9/2015 12:00,53.85813028
4/9/2015 11:00,52.93405056
4/9/2015 10:00,55.17371417
4/9/2015 9:00,55.53092056
4/9/2015 8:00,54.73058861
4/9/2015 7:00,50.97996833
4/9/2015 6:00,48.65330944
4/9/2015 5:00,48.69000056
4/9/2015 4:00,47.15090917
4/9/2015 3:00,35.01542556
4/9/2015 2:00,14.42250583
4/9/2015 1:00,13.26244944
4/9/2015 0:00,14.25446028
4/8/2015 23:00,13.18348639
4/8/2015 22:00,14.09762722
4/8/2015 21:00,13.21050389
4/8/2015 20:00,16.47038889
4/8/2015 19:00,14.83818694
4/8/2015 18:00,13.512645
4/8/2015 17:00,14.80863278
4/8/2015 16:00,14.4770375
4/8/2015 15:00,33.4997025
4/8/2015 14:00,37.24054583
4/8/2015 13:00,39.52386917
4/8/2015 12:00,47.12836194
4/8/2015 11:00,53.56857
4/8/2015 10:00,53.57140222
4/8/2015 9:00,53.10776889
4/8/2015 8:00,55.42217083
4/8/2015 7:00,59.93449861
4/8/2015 6:00,56.08766778
4/8/2015 5:00,53.9524475
4/8/2015 4:00,47.80750028
4/8/2015 3:00,36.39983333
4/8/2015 2:00,15.10616778
4/8/2015 1:00,13.38360056
4/8/2015 0:00,14.37903611
4/7/2015 23:00,13.42852306
4/7/2015 22:00,14.34798639
4/7/2015 21:00,13.44312083
4/7/2015 20:00,15.96654111
4/7/2015 19:00,13.90805194
4/7/2015 18:00,13.11820889
4/7/2015 17:00,13.1341225
4/7/2015 16:00,16.64680472
4/7/2015 15:00,40.977765
4/7/2015 14:00,36.56849306
4/7/2015 13:00,43.56171056
4/7/2015 12:00,49.702655
4/7/2015 11:00,51.88561056
4/7/2015 10:00,57.85976222
4/7/2015 9:00,56.15688583
4/7/2015 8:00,55.36172472
4/7/2015 7:00,54.73103417
4/7/2015 6:00,55.66575056
4/7/2015 5:00,52.37927694
4/7/2015 4:00,43.79200583
4/7/2015 3:00,34.29502917
4/7/2015 2:00,14.83212806
4/7/2015 1:00,13.08618139
4/7/2015 0:00,14.06749083
4/6/2015 23:00,12.77086389
4/6/2015 22:00,13.08370194
4/6/2015 21:00,12.19289444
4/6/2015 20:00,13.71616306
4/6/2015 19:00,11.65304833
4/6/2015 18:00,11.60927
4/6/2015 17:00,12.36850444
4/6/2015 16:00,15.51380806
4/6/2015 15:00,35.21556806
4/6/2015 14:00,41.17656083
4/6/2015 13:00,49.58996806
4/6/2015 12:00,55.5047675
4/6/2015 11:00,57.12262556
4/6/2015 10:00,53.0382625
4/6/2015 9:00,59.25396611
4/6/2015 8:00,55.99653889
4/6/2015 7:00,54.92189972
4/6/2015 6:00,56.94663639
4/6/2015 5:00,60.75531139
4/6/2015 4:00,50.06370889
4/6/2015 3:00,33.27230722
4/6/2015 2:00,14.51871028
4/6/2015 1:00,13.19752722
4/6/2015 0:00,14.48187611
4/5/2015 23:00,13.33087056
4/5/2015 22:00,14.18491917
4/5/2015 21:00,13.26940389
4/5/2015 20:00,13.54876278
4/5/2015 19:00,11.47349222
4/5/2015 18:00,11.28102472
4/5/2015 17:00,11.47409111
4/5/2015 16:00,11.57679056
4/5/2015 15:00,10.25387722
4/5/2015 14:00,11.16340056
4/5/2015 13:00,43.10540139
4/5/2015 12:00,43.41520583
4/5/2015 11:00,42.03517222
4/5/2015 10:00,41.1951525
4/5/2015 9:00,39.91911278
4/5/2015 8:00,32.85901583
4/5/2015 7:00,33.64229056
4/5/2015 6:00,35.16064556
4/5/2015 5:00,32.46995222
4/5/2015 4:00,32.08954778
4/5/2015 3:00,29.42540667
4/5/2015 2:00,14.67139611
4/5/2015 1:00,13.47136222
4/5/2015 0:00,14.59097194
4/4/2015 23:00,13.87606861
4/4/2015 22:00,14.49840556
4/4/2015 21:00,13.562255
4/4/2015 20:00,14.33329111
4/4/2015 19:00,14.72688389
4/4/2015 18:00,16.0075425
4/4/2015 17:00,18.42269028
4/4/2015 16:00,15.69901
4/4/2015 15:00,14.04944083
4/4/2015 14:00,13.79914722
4/4/2015 13:00,37.78471083
4/4/2015 12:00,40.10203278
4/4/2015 11:00,39.43568833
4/4/2015 10:00,40.08309778
4/4/2015 9:00,39.70493333
4/4/2015 8:00,35.97906722
4/4/2015 7:00,33.15175222
4/4/2015 6:00,33.151085
4/4/2015 5:00,31.65993778
4/4/2015 4:00,31.88729194
4/4/2015 3:00,29.06814056
4/4/2015 2:00,15.851155
4/4/2015 1:00,14.87562389
4/4/2015 0:00,15.55179583
4/3/2015 23:00,14.41163472
4/3/2015 22:00,15.88147472
4/3/2015 21:00,14.82900528
4/3/2015 20:00,17.39962083
4/3/2015 19:00,15.0277
4/3/2015 18:00,14.70348806
4/3/2015 17:00,15.44625056
4/3/2015 16:00,16.56950806
4/3/2015 15:00,34.54132722
4/3/2015 14:00,35.84722694
4/3/2015 13:00,41.71366528
4/3/2015 12:00,48.37102472
4/3/2015 11:00,51.21351722
4/3/2015 10:00,53.39461611
4/3/2015 9:00,50.28045056
4/3/2015 8:00,48.15060278
4/3/2015 7:00,48.71843917
4/3/2015 6:00,46.66279361
4/3/2015 5:00,45.67186361
4/3/2015 4:00,41.29555917
4/3/2015 3:00,33.66325833
4/3/2015 2:00,15.30014917
4/3/2015 1:00,13.79303167
4/3/2015 0:00,15.24922861
4/2/2015 23:00,13.70118917
4/2/2015 22:00,15.11613222
4/2/2015 21:00,13.86454278
4/2/2015 20:00,17.18581889
4/2/2015 19:00,14.29860972
4/2/2015 18:00,13.88639944
4/2/2015 17:00,16.16653639
4/2/2015 16:00,18.29861028
4/2/2015 15:00,41.85771028
4/2/2015 14:00,39.54222861
4/2/2015 13:00,44.50222056
4/2/2015 12:00,47.28557111
4/2/2015 11:00,47.83258389
4/2/2015 10:00,49.37609833
4/2/2015 9:00,50.89839944
4/2/2015 8:00,47.78673389
4/2/2015 7:00,49.81606361
4/2/2015 6:00,50.89673417
4/2/2015 5:00,50.50743056
4/2/2015 4:00,45.96312556
4/2/2015 3:00,38.89322694
4/2/2015 2:00,15.13064611
4/2/2015 1:00,13.98575583
4/2/2015 0:00,14.98497167
4/1/2015 23:00,13.97554222
4/1/2015 22:00,15.18196167
4/1/2015 21:00,13.76887278
4/1/2015 20:00,14.68276333
4/1/2015 19:00,14.61046361
4/1/2015 18:00,13.14958722
4/1/2015 17:00,13.61610333
4/1/2015 16:00,16.40274333
4/1/2015 15:00,40.83411222
4/1/2015 14:00,15.85872139
4/1/2015 13:00,0.155933333
4/1/2015 12:00,44.83556278
4/1/2015 11:00,63.75395444
4/1/2015 10:00,62.08798278
4/1/2015 9:00,59.80164889
4/1/2015 8:00,60.66152333
4/1/2015 7:00,62.6343725
4/1/2015 6:00,61.88531556
4/1/2015 5:00,59.51863583
4/1/2015 4:00,53.06746917
4/1/2015 3:00,39.07569194
4/1/2015 2:00,12.07287472
4/1/2015 1:00,11.11513917
4/1/2015 0:00,11.50796194
3/31/2015 23:00,11.31576
3/31/2015 22:00,11.12528389
3/31/2015 21:00,11.8714775
3/31/2015 20:00,11.96593
3/31/2015 19:00,11.70575917
3/31/2015 18:00,11.66016417
3/31/2015 17:00,10.81995972
3/31/2015 16:00,14.53374306
3/31/2015 15:00,46.06174472
3/31/2015 14:00,49.23475194
3/31/2015 13:00,60.03025083
3/31/2015 12:00,66.29394167
3/31/2015 11:00,68.85212722
3/31/2015 10:00,66.96868111
3/31/2015 9:00,67.69404167
3/31/2015 8:00,62.66679778
3/31/2015 7:00,63.60764333
3/31/2015 6:00,66.48570528
3/31/2015 5:00,65.78666944
3/31/2015 4:00,50.99561722
3/31/2015 3:00,37.49589722
3/31/2015 2:00,11.89483528
3/31/2015 1:00,11.47689222
3/31/2015 0:00,11.50930917
3/30/2015 23:00,11.57435111
3/30/2015 22:00,11.2936825
3/30/2015 21:00,11.19351194
3/30/2015 20:00,11.52052694
3/30/2015 19:00,12.05997778
3/30/2015 18:00,14.82611917
3/30/2015 17:00,15.52269194
3/30/2015 16:00,16.81044528
3/30/2015 15:00,37.65898833
3/30/2015 14:00,42.72616917
3/30/2015 13:00,50.49763472
3/30/2015 12:00,58.31217806
3/30/2015 11:00,64.47372583
3/30/2015 10:00,63.99352361
3/30/2015 9:00,65.26442056
3/30/2015 8:00,62.28874167
3/30/2015 7:00,58.88312722
3/30/2015 6:00,59.98482889
3/30/2015 5:00,61.06024278
3/30/2015 4:00,50.55150944
3/30/2015 3:00,35.92330333
3/30/2015 2:00,15.09966611
3/30/2015 1:00,13.55755861
3/30/2015 0:00,14.54342917
3/29/2015 23:00,13.37098722
3/29/2015 22:00,14.48491694
3/29/2015 21:00,13.52601694
3/29/2015 20:00,13.30755556
3/29/2015 19:00,12.81130111
3/29/2015 18:00,11.77118056
3/29/2015 17:00,11.11286028
3/29/2015 16:00,11.06331167
3/29/2015 15:00,10.67937444
3/29/2015 14:00,11.28876056
3/29/2015 13:00,39.40628833
3/29/2015 12:00,38.98161139
3/29/2015 11:00,41.88735528
3/29/2015 10:00,40.43125472
3/29/2015 9:00,40.73775611
3/29/2015 8:00,34.15967444
3/29/2015 7:00,36.17715417
3/29/2015 6:00,34.91844611
3/29/2015 5:00,34.62767028
3/29/2015 4:00,34.03243667
3/29/2015 3:00,32.06557917
3/29/2015 2:00,14.15059806
3/29/2015 1:00,12.5195525
3/29/2015 0:00,12.57456306
3/28/2015 23:00,12.6326025
3/28/2015 22:00,12.50504
3/28/2015 21:00,12.65298972
3/28/2015 20:00,12.59853889
3/28/2015 19:00,12.29636417
3/28/2015 18:00,11.89825194
3/28/2015 17:00,10.80189833
3/28/2015 16:00,10.74926389
3/28/2015 15:00,10.48086028
3/28/2015 14:00,12.85072528
3/28/2015 13:00,49.61672694
3/28/2015 12:00,49.3025975
3/28/2015 11:00,51.21594806
3/28/2015 10:00,50.17275694
3/28/2015 9:00,45.79705306
3/28/2015 8:00,39.37502222
3/28/2015 7:00,40.15944528
3/28/2015 6:00,39.50994
3/28/2015 5:00,40.74724139
3/28/2015 4:00,38.25600361
3/28/2015 3:00,30.43317861
3/28/2015 2:00,14.48271639
3/28/2015 1:00,13.94512444
3/28/2015 0:00,12.99967667
3/27/2015 23:00,13.03861722
3/27/2015 22:00,12.81737417
3/27/2015 21:00,12.98533944
3/27/2015 20:00,12.76219333
3/27/2015 19:00,13.03210167
3/27/2015 18:00,12.95511222
3/27/2015 17:00,13.30831194
3/27/2015 16:00,14.87450306
3/27/2015 15:00,38.20214778
3/27/2015 14:00,36.4584725
3/27/2015 13:00,42.06132417
3/27/2015 12:00,52.51565861
3/27/2015 11:00,51.3828075
3/27/2015 10:00,50.93660222
3/27/2015 9:00,48.76395278
3/27/2015 8:00,48.99538
3/27/2015 7:00,55.18153917
3/27/2015 6:00,56.32969583
3/27/2015 5:00,55.67765194
3/27/2015 4:00,45.967755
3/27/2015 3:00,33.83140444
3/27/2015 2:00,15.19852278
3/27/2015 1:00,13.88108389
3/27/2015 0:00,14.85375667
3/26/2015 23:00,14.08751278
3/26/2015 22:00,14.976405
3/26/2015 21:00,14.16167111
3/26/2015 20:00,14.93790056
3/26/2015 19:00,14.00896306
3/26/2015 18:00,14.78876139
3/26/2015 17:00,15.68907694
3/26/2015 16:00,16.00771056
3/26/2015 15:00,38.54136111
3/26/2015 14:00,35.45415583
3/26/2015 13:00,41.41125583
3/26/2015 12:00,50.36109833
3/26/2015 11:00,51.35236833
3/26/2015 10:00,49.05488361
3/26/2015 9:00,54.45600417
3/26/2015 8:00,52.40095778
3/26/2015 7:00,57.67103
3/26/2015 6:00,52.60802417
3/26/2015 5:00,50.54874528
3/26/2015 4:00,44.92811222
3/26/2015 3:00,35.08521361
3/26/2015 2:00,15.48824389
3/26/2015 1:00,13.83423083
3/26/2015 0:00,14.98759139
3/25/2015 23:00,13.80601556
3/25/2015 22:00,14.63969306
3/25/2015 21:00,13.6673425
3/25/2015 20:00,14.57219222
3/25/2015 19:00,17.19043917
3/25/2015 18:00,17.58850778
3/25/2015 17:00,17.939185
3/25/2015 16:00,17.64581667
3/25/2015 15:00,33.4027575
3/25/2015 14:00,38.64851278
3/25/2015 13:00,42.4454725
3/25/2015 12:00,47.41043472
3/25/2015 11:00,47.57919167
3/25/2015 10:00,47.83138139
3/25/2015 9:00,49.53754694
3/25/2015 8:00,44.66990778
3/25/2015 7:00,45.52825111
3/25/2015 6:00,46.5241375
3/25/2015 5:00,48.76055833
3/25/2015 4:00,46.07711861
3/25/2015 3:00,36.37688278
3/25/2015 2:00,17.25501861
3/25/2015 1:00,15.26470556
3/25/2015 0:00,16.44702056
3/24/2015 23:00,15.43862417
3/24/2015 22:00,16.02298306
3/24/2015 21:00,15.44894833
3/24/2015 20:00,14.79913694
3/24/2015 19:00,13.40276361
3/24/2015 18:00,13.49119694
3/24/2015 17:00,16.54626611
3/24/2015 16:00,18.86431917
3/24/2015 15:00,42.49824583
3/24/2015 14:00,37.56696389
3/24/2015 13:00,43.366215
3/24/2015 12:00,50.58278389
3/24/2015 11:00,52.8779625
3/24/2015 10:00,58.89298333
3/24/2015 9:00,61.37801083
3/24/2015 8:00,54.66708694
3/24/2015 7:00,54.45056944
3/24/2015 6:00,54.91356333
3/24/2015 5:00,53.33592722
3/24/2015 4:00,51.43475611
3/24/2015 3:00,36.72961722
3/24/2015 2:00,17.14988806
3/24/2015 1:00,15.4979
3/24/2015 0:00,16.45656444
3/23/2015 23:00,15.39793167
3/23/2015 22:00,16.62459111
3/23/2015 21:00,15.12412528
3/23/2015 20:00,16.18645583
3/23/2015 19:00,14.97236222
3/23/2015 18:00,15.96525667
3/23/2015 17:00,13.69028528
3/23/2015 16:00,15.23483444
3/23/2015 15:00,36.9149475
3/23/2015 14:00,37.86811778
3/23/2015 13:00,44.59496778
3/23/2015 12:00,52.82690139
3/23/2015 11:00,57.88255194
3/23/2015 10:00,58.81244639
3/23/2015 9:00,57.41195
3/23/2015 8:00,70.25406806
3/23/2015 7:00,60.79500861
3/23/2015 6:00,55.57569611
3/23/2015 5:00,48.27841861
3/23/2015 4:00,43.87893444
3/23/2015 3:00,33.16476056
3/23/2015 2:00,13.04867778
3/23/2015 1:00,13.31920694
3/23/2015 0:00,12.49185278
3/22/2015 23:00,11.8327325
3/22/2015 22:00,10.7192225
3/22/2015 21:00,10.94086889
3/22/2015 20:00,10.95182083
3/22/2015 19:00,10.59293
3/22/2015 18:00,10.64761583
3/22/2015 17:00,10.81763278
3/22/2015 16:00,10.11576944
3/22/2015 15:00,8.901871111
3/22/2015 14:00,10.31558278
3/22/2015 13:00,40.26051889
3/22/2015 12:00,42.90882222
3/22/2015 11:00,40.3422875
3/22/2015 10:00,40.74426194
3/22/2015 9:00,42.90813639
3/22/2015 8:00,36.37634583
3/22/2015 7:00,36.15715667
3/22/2015 6:00,35.49180083
3/22/2015 5:00,35.2221275
3/22/2015 4:00,31.82513306
3/22/2015 3:00,30.96758694
3/22/2015 2:00,12.24345167
3/22/2015 1:00,12.03861611
3/22/2015 0:00,12.24355583
3/21/2015 23:00,12.14578028
3/21/2015 22:00,12.26489306
3/21/2015 21:00,12.07985667
3/21/2015 20:00,12.21418
3/21/2015 19:00,12.23685972
3/21/2015 18:00,12.06448056
3/21/2015 17:00,12.10377056
3/21/2015 16:00,12.24379667
3/21/2015 15:00,11.34784306
3/21/2015 14:00,12.96401806
3/21/2015 13:00,39.84495111
3/21/2015 12:00,42.97470194
3/21/2015 11:00,44.14497944
3/21/2015 10:00,42.19804083
3/21/2015 9:00,40.89128583
3/21/2015 8:00,35.04052611
3/21/2015 7:00,35.90487306
3/21/2015 6:00,38.06580611
3/21/2015 5:00,35.9011325
3/21/2015 4:00,33.10912222
3/21/2015 3:00,29.61554333
3/21/2015 2:00,14.51845278
3/21/2015 1:00,13.46889556
3/21/2015 0:00,14.55288694
3/20/2015 23:00,13.59847778
3/20/2015 22:00,14.7219225
3/20/2015 21:00,13.42338056
3/20/2015 20:00,14.40999611
3/20/2015 19:00,13.46765694
3/20/2015 18:00,13.11695833
3/20/2015 17:00,11.80923472
3/20/2015 16:00,12.81100111
3/20/2015 15:00,32.83823972
3/20/2015 14:00,35.64695583
3/20/2015 13:00,43.886435
3/20/2015 12:00,55.10407889
3/20/2015 11:00,55.76666694
3/20/2015 10:00,52.7829825
3/20/2015 9:00,53.59802917
3/20/2015 8:00,58.0191725
3/20/2015 7:00,63.50523917
3/20/2015 6:00,56.76461889
3/20/2015 5:00,55.23144806
3/20/2015 4:00,49.30245
3/20/2015 3:00,35.44366472
3/20/2015 2:00,15.89357944
3/20/2015 1:00,14.71835806
3/20/2015 0:00,16.00916306
3/19/2015 23:00,14.60641611
3/19/2015 22:00,15.33759139
3/19/2015 21:00,14.40331083
3/19/2015 20:00,15.95333167
3/19/2015 19:00,18.57695167
3/19/2015 18:00,18.57965583
3/19/2015 17:00,16.59310889
3/19/2015 16:00,18.60991056
3/19/2015 15:00,35.77381556
3/19/2015 14:00,36.39986778
3/19/2015 13:00,42.75844333
3/19/2015 12:00,50.26907444
3/19/2015 11:00,52.69860778
3/19/2015 10:00,57.38542972
3/19/2015 9:00,56.34619333
3/19/2015 8:00,56.07871139
3/19/2015 7:00,52.50447417
3/19/2015 6:00,53.37509389
3/19/2015 5:00,51.51125833
3/19/2015 4:00,47.70867639
3/19/2015 3:00,37.8317
3/19/2015 2:00,15.92831667
3/19/2015 1:00,15.62177444
3/19/2015 0:00,14.75877167
3/18/2015 23:00,15.90550556
3/18/2015 22:00,14.41678667
3/18/2015 21:00,13.80954917
3/18/2015 20:00,13.03204722
3/18/2015 19:00,12.92925694
3/18/2015 18:00,12.75191611
3/18/2015 17:00,13.07840639
3/18/2015 16:00,15.66097639
3/18/2015 15:00,36.05927194
3/18/2015 14:00,36.50782917
3/18/2015 13:00,45.12847556
3/18/2015 12:00,55.83283944
3/18/2015 11:00,57.50860417
3/18/2015 10:00,57.31637528
3/18/2015 9:00,57.57512333
3/18/2015 8:00,61.6210975
3/18/2015 7:00,55.92119194
3/18/2015 6:00,57.17915944
3/18/2015 5:00,55.19269833
3/18/2015 4:00,50.19579778
3/18/2015 3:00,37.647995
3/18/2015 2:00,14.79842917
3/18/2015 1:00,13.58115389
3/18/2015 0:00,14.47827111
3/17/2015 23:00,13.518705
3/17/2015 22:00,14.43651861
3/17/2015 21:00,13.34174556
3/17/2015 20:00,16.33204583
3/17/2015 19:00,14.01588389
3/17/2015 18:00,13.37361778
3/17/2015 17:00,14.60099472
3/17/2015 16:00,14.87055722
3/17/2015 15:00,38.97536806
3/17/2015 14:00,39.20702861
3/17/2015 13:00,47.2723925
3/17/2015 12:00,62.23078278
3/17/2015 11:00,72.00281028
3/17/2015 10:00,59.55846583
3/17/2015 9:00,56.85401444
3/17/2015 8:00,54.36236806
3/17/2015 7:00,54.6057675
3/17/2015 6:00,53.03895611
3/17/2015 5:00,53.21616278
3/17/2015 4:00,50.22223778
3/17/2015 3:00,38.57364694
3/17/2015 2:00,14.52505833
3/17/2015 1:00,13.03297667
3/17/2015 0:00,14.17591861
3/16/2015 23:00,12.97235861
3/16/2015 22:00,14.18442694
3/16/2015 21:00,13.0717225
3/16/2015 20:00,12.81224556
3/16/2015 19:00,11.137885
3/16/2015 18:00,11.41775028
3/16/2015 17:00,11.65340583
3/16/2015 16:00,13.67595417
3/16/2015 15:00,39.24544722
3/16/2015 14:00,42.49563361
3/16/2015 13:00,53.81999194
3/16/2015 12:00,68.72091833
3/16/2015 11:00,70.46948278
3/16/2015 10:00,70.10808806
3/16/2015 9:00,67.98397639
3/16/2015 8:00,69.62957111
3/16/2015 7:00,70.67523611
3/16/2015 6:00,64.63052361
3/16/2015 5:00,64.51373833
3/16/2015 4:00,57.55313639
3/16/2015 3:00,35.69671694
3/16/2015 2:00,11.89552889
3/16/2015 1:00,11.69442417
3/16/2015 0:00,11.62486333
3/15/2015 23:00,11.57100167
3/15/2015 22:00,11.49622861
3/15/2015 21:00,11.63042694
3/15/2015 20:00,11.70918556
3/15/2015 19:00,9.718553333
3/15/2015 18:00,9.679145556
3/15/2015 17:00,9.675755833
3/15/2015 16:00,9.5974775
3/15/2015 15:00,9.538444167
3/15/2015 14:00,12.62976083
3/15/2015 13:00,50.46958694
3/15/2015 12:00,53.91469417
3/15/2015 11:00,54.09895806
3/15/2015 10:00,54.24098111
3/15/2015 9:00,52.60640083
3/15/2015 8:00,41.91822333
3/15/2015 7:00,41.23994139
3/15/2015 6:00,41.9091975
3/15/2015 5:00,38.81488167
3/15/2015 4:00,37.95688028
3/15/2015 3:00,34.56070278
3/15/2015 2:00,13.9849025
3/15/2015 1:00,14.27064889
3/15/2015 0:00,14.24983194
3/14/2015 23:00,14.29208333
3/14/2015 22:00,14.07794917
3/14/2015 21:00,14.21328389
3/14/2015 20:00,14.35885667
3/14/2015 19:00,14.2228175
3/14/2015 18:00,14.28513472
3/14/2015 17:00,13.99534389
3/14/2015 16:00,14.29243639
3/14/2015 15:00,13.59630278
3/14/2015 14:00,14.35547944
3/14/2015 13:00,42.46840917
3/14/2015 12:00,43.58440528
3/14/2015 11:00,44.41674028
3/14/2015 10:00,43.30667389
3/14/2015 9:00,43.76679583
3/14/2015 8:00,39.728155
3/14/2015 7:00,41.59540333
3/14/2015 6:00,38.85021472
3/14/2015 5:00,35.48137139
3/14/2015 4:00,33.52409417
3/14/2015 3:00,33.1896975
3/14/2015 2:00,17.79364333
3/14/2015 1:00,16.12958917
3/14/2015 0:00,17.55090056
3/13/2015 23:00,16.71061611
3/13/2015 22:00,16.98260778
3/13/2015 21:00,16.07786444
3/13/2015 20:00,19.26597944
3/13/2015 19:00,16.93309361
3/13/2015 18:00,16.04427722
3/13/2015 17:00,17.30362361
3/13/2015 16:00,17.38496861
3/13/2015 15:00,34.68405833
3/13/2015 14:00,35.59330806
3/13/2015 13:00,38.01571556
3/13/2015 12:00,49.280025
3/13/2015 11:00,50.65709833
3/13/2015 10:00,50.58598556
3/13/2015 9:00,49.15643917
3/13/2015 8:00,52.99769833
3/13/2015 7:00,52.44058361
3/13/2015 6:00,51.59699806
3/13/2015 5:00,47.64795806
3/13/2015 4:00,43.65422361
3/13/2015 3:00,34.901115
3/13/2015 2:00,15.30095556
3/13/2015 1:00,13.36609917
3/13/2015 0:00,14.45131194
3/12/2015 23:00,13.59687194
3/12/2015 22:00,14.42389111
3/12/2015 21:00,13.286855
3/12/2015 20:00,15.01856444
3/12/2015 19:00,15.68824056
3/12/2015 18:00,14.5532075
3/12/2015 17:00,14.27100417
3/12/2015 16:00,17.12005889
3/12/2015 15:00,39.49575889
3/12/2015 14:00,35.12109361
3/12/2015 13:00,38.38069417
3/12/2015 12:00,47.27435972
3/12/2015 11:00,56.16669111
3/12/2015 10:00,54.79046333
3/12/2015 9:00,55.01198833
3/12/2015 8:00,51.59146694
3/12/2015 7:00,55.01462222
3/12/2015 6:00,57.1682775
3/12/2015 5:00,54.4353125
3/12/2015 4:00,43.46110722
3/12/2015 3:00,34.37446444
3/12/2015 2:00,14.34138722
3/12/2015 1:00,13.2890275
3/12/2015 0:00,14.50181
3/11/2015 23:00,13.38179
3/11/2015 22:00,14.11525722
3/11/2015 21:00,13.28285667
3/11/2015 20:00,13.56714
3/11/2015 19:00,13.2930525
3/11/2015 18:00,15.34159056
3/11/2015 17:00,15.95583056
3/11/2015 16:00,16.09545306
3/11/2015 15:00,31.85800667
3/11/2015 14:00,37.18420889
3/11/2015 13:00,46.57701389
3/11/2015 12:00,55.50491528
3/11/2015 11:00,58.81867667
3/11/2015 10:00,60.26702222
3/11/2015 9:00,58.83330611
3/11/2015 8:00,67.69967083
3/11/2015 7:00,71.40121222
3/11/2015 6:00,56.50809444
3/11/2015 5:00,54.56417889
3/11/2015 4:00,47.25163083
3/11/2015 3:00,34.42096806
3/11/2015 2:00,14.70781361
3/11/2015 1:00,13.7820125
3/11/2015 0:00,14.42395556
3/10/2015 23:00,13.24681333
3/10/2015 22:00,14.5978125
3/10/2015 21:00,13.4364375
3/10/2015 20:00,16.44702194
3/10/2015 19:00,16.10214056
3/10/2015 18:00,18.08576306
3/10/2015 17:00,17.48342333
3/10/2015 16:00,16.86550278
3/10/2015 15:00,36.37367139
3/10/2015 14:00,39.75274583
3/10/2015 13:00,44.89214417
3/10/2015 12:00,55.15858611
3/10/2015 11:00,66.041975
3/10/2015 10:00,61.21922361
3/10/2015 9:00,58.15542139
3/10/2015 8:00,57.73850639
3/10/2015 7:00,63.07037972
3/10/2015 6:00,54.8244425
3/10/2015 5:00,55.32833861
3/10/2015 4:00,48.11280361
3/10/2015 3:00,33.69900556
3/10/2015 2:00,15.11128917
3/10/2015 1:00,14.01625861
3/10/2015 0:00,15.06217722
3/9/2015 23:00,13.98622083
3/9/2015 22:00,14.75795
3/9/2015 21:00,13.98446333
3/9/2015 20:00,17.00471583
3/9/2015 19:00,14.33909111
3/9/2015 18:00,13.90840861
3/9/2015 17:00,15.42107139
3/9/2015 16:00,16.29668417
3/9/2015 15:00,33.9412325
3/9/2015 14:00,34.48303333
3/9/2015 13:00,41.26931472
3/9/2015 12:00,51.32173333
3/9/2015 11:00,53.35354667
3/9/2015 10:00,54.66508944
3/9/2015 9:00,58.46515306
3/9/2015 8:00,52.33507083
3/9/2015 7:00,52.86010278
3/9/2015 6:00,54.81348583
3/9/2015 5:00,50.38125806
3/9/2015 4:00,42.90240944
3/9/2015 3:00,31.56272639
3/9/2015 2:00,15.23613722
3/9/2015 1:00,14.39917528
3/9/2015 0:00,15.29672361
3/8/2015 23:00,14.05711889
3/8/2015 22:00,14.99047861
3/8/2015 21:00,13.94352639
3/8/2015 20:00,14.94479417
3/8/2015 19:00,15.41167444
3/8/2015 18:00,13.76256889
3/8/2015 17:00,14.58165194
3/8/2015 16:00,14.0785275
3/8/2015 15:00,14.93455889
3/8/2015 14:00,15.76505694
3/8/2015 13:00,35.2969
3/8/2015 12:00,37.96697694
3/8/2015 11:00,36.36395389
3/8/2015 10:00,34.93021056
3/8/2015 9:00,34.7728375
3/8/2015 8:00,33.30270556
3/8/2015 7:00,33.64149417
3/8/2015 6:00,32.32492361
3/8/2015 5:00,32.65396222
3/8/2015 4:00,28.96487472
3/8/2015 3:00,29.24027444
3/8/2015 2:00,15.97836611
3/8/2015 1:00,16.31022444
3/8/2015 0:00,15.12243639
3/7/2015 23:00,16.90094611
3/7/2015 22:00,15.19634111
3/7/2015 21:00,16.313105
3/7/2015 20:00,15.38387944
3/7/2015 19:00,15.57728083
3/7/2015 18:00,15.87357861
3/7/2015 17:00,15.35260306
3/7/2015 16:00,16.22654861
3/7/2015 15:00,16.20086806
3/7/2015 14:00,33.52406833
3/7/2015 13:00,35.43351806
3/7/2015 12:00,40.31429167
3/7/2015 11:00,35.81643194
3/7/2015 10:00,34.67938806
3/7/2015 9:00,32.75172056
3/7/2015 8:00,32.79564028
3/7/2015 7:00,33.32687
3/7/2015 6:00,31.78018333
3/7/2015 5:00,31.54667917
3/7/2015 4:00,29.74404972
3/7/2015 3:00,16.79983861
3/7/2015 2:00,15.27552944
3/7/2015 1:00,16.61722667
3/7/2015 0:00,15.44048917
3/6/2015 23:00,16.13018417
3/6/2015 22:00,14.96875278
3/6/2015 21:00,18.59837333
3/6/2015 20:00,15.69313306
3/6/2015 19:00,15.13310611
3/6/2015 18:00,16.81745083
3/6/2015 17:00,16.67025472
3/6/2015 16:00,34.07676056
3/6/2015 15:00,32.83459444
3/6/2015 14:00,38.988715
3/6/2015 13:00,50.97980278
3/6/2015 12:00,55.77881306
3/6/2015 11:00,59.65741694
3/6/2015 10:00,52.86921333
3/6/2015 9:00,51.37679306
3/6/2015 8:00,51.11601389
3/6/2015 7:00,52.25383778
3/6/2015 6:00,48.33710611
3/6/2015 5:00,44.93701583
3/6/2015 4:00,34.74960472
3/6/2015 3:00,17.56832833
3/6/2015 2:00,15.95426667
3/6/2015 1:00,17.09609694
3/6/2015 0:00,16.22053417
3/5/2015 23:00,17.61954278
3/5/2015 22:00,16.38915139
3/5/2015 21:00,18.64622639
3/5/2015 20:00,17.91397167
3/5/2015 19:00,18.48956306
3/5/2015 18:00,22.23705944
3/5/2015 17:00,20.58199139
3/5/2015 16:00,36.934945
3/5/2015 15:00,35.06713222
3/5/2015 14:00,39.14716444
3/5/2015 13:00,48.35219694
3/5/2015 12:00,53.50509889
3/5/2015 11:00,55.6146475
3/5/2015 10:00,55.92768889
3/5/2015 9:00,50.14686611
3/5/2015 8:00,50.96697889
3/5/2015 7:00,49.01840472
3/5/2015 6:00,51.62446139
3/5/2015 5:00,40.32210444
3/5/2015 4:00,27.87749139
3/5/2015 3:00,20.32149694
3/5/2015 2:00,16.96153861
3/5/2015 1:00,18.44023778
3/5/2015 0:00,17.32707083
3/4/2015 23:00,17.73456028
3/4/2015 22:00,16.99670944
3/4/2015 21:00,19.90869444
3/4/2015 20:00,19.51795528
3/4/2015 19:00,19.8014475
3/4/2015 18:00,23.82438611
3/4/2015 17:00,22.02618361
3/4/2015 16:00,28.75686361
3/4/2015 15:00,30.59884639
3/4/2015 14:00,33.15115389
3/4/2015 13:00,38.12852194
3/4/2015 12:00,41.13034611
3/4/2015 11:00,39.58547444
3/4/2015 10:00,43.22283583
3/4/2015 9:00,42.13786028
3/4/2015 8:00,42.66422278
3/4/2015 7:00,42.96117694
3/4/2015 6:00,41.27847444
3/4/2015 5:00,37.52757
3/4/2015 4:00,31.31947306
3/4/2015 3:00,20.87564611
3/4/2015 2:00,17.61818583
3/4/2015 1:00,18.49343472
3/4/2015 0:00,19.01675639
3/3/2015 23:00,19.80295611
3/3/2015 22:00,17.83157583
3/3/2015 21:00,20.60636944
3/3/2015 20:00,20.81505861
3/3/2015 19:00,23.00319778
3/3/2015 18:00,22.86849833
3/3/2015 17:00,22.05024056
3/3/2015 16:00,33.80178917
3/3/2015 15:00,31.32216861
3/3/2015 14:00,34.43226111
3/3/2015 13:00,41.27847833
3/3/2015 12:00,46.96189472
3/3/2015 11:00,48.37131722
3/3/2015 10:00,43.65462111
3/3/2015 9:00,42.26199028
3/3/2015 8:00,46.13703556
3/3/2015 7:00,46.17585972
3/3/2015 6:00,52.74976167
3/3/2015 5:00,43.93673333
3/3/2015 4:00,37.78723778
3/3/2015 3:00,22.23022528
3/3/2015 2:00,18.20186056
3/3/2015 1:00,18.1728925
3/3/2015 0:00,16.36940917
3/2/2015 23:00,17.27112917
3/2/2015 22:00,16.15365306
3/2/2015 21:00,19.78799972
3/2/2015 20:00,17.45039028
3/2/2015 19:00,18.21552
3/2/2015 18:00,19.05459639
3/2/2015 17:00,20.77794333
3/2/2015 16:00,35.03100333
3/2/2015 15:00,34.61801222
3/2/2015 14:00,39.31339889
3/2/2015 13:00,47.59035944
3/2/2015 12:00,50.10969583
3/2/2015 11:00,53.32791639
3/2/2015 10:00,53.90712472
3/2/2015 9:00,54.71899361
3/2/2015 8:00,53.13290028
3/2/2015 7:00,53.71066111
3/2/2015 6:00,53.24234944
3/2/2015 5:00,43.34732611
3/2/2015 4:00,30.91474861
3/2/2015 3:00,20.58475361
3/2/2015 2:00,18.15583139
3/2/2015 1:00,18.80365
3/2/2015 0:00,18.60878722
3/1/2015 23:00,18.99888083
3/1/2015 22:00,17.84714667
3/1/2015 21:00,19.12419778
3/1/2015 20:00,18.35123278
3/1/2015 19:00,18.41246833
3/1/2015 18:00,18.01128556
3/1/2015 17:00,18.05877833
3/1/2015 16:00,19.25940917
3/1/2015 15:00,18.63530417
3/1/2015 14:00,37.57578722
3/1/2015 13:00,38.57086556
3/1/2015 12:00,37.66975
3/1/2015 11:00,35.82681722
3/1/2015 10:00,34.72944778
3/1/2015 9:00,30.28396361
3/1/2015 8:00,30.12698056
3/1/2015 7:00,29.94806361
3/1/2015 6:00,31.89471389
3/1/2015 5:00,26.78796472
3/1/2015 4:00,25.66659917
3/1/2015 3:00,18.17974
3/1/2015 2:00,17.48963472
3/1/2015 1:00,18.53143528
3/1/2015 0:00,17.23168722
2/28/2015 23:00,18.50866806
2/28/2015 22:00,17.60218028
2/28/2015 21:00,18.54218
2/28/2015 20:00,17.26828917
2/28/2015 19:00,17.55939889
2/28/2015 18:00,18.4403525
2/28/2015 17:00,17.59372167
2/28/2015 16:00,18.24276917
2/28/2015 15:00,17.40570444
2/28/2015 14:00,31.57417139
2/28/2015 13:00,35.45838917
2/28/2015 12:00,35.98610472
2/28/2015 11:00,35.8299375
2/28/2015 10:00,34.34819111
2/28/2015 9:00,31.38649889
2/28/2015 8:00,31.93980528
2/28/2015 7:00,24.64563944
2/28/2015 6:00,24.97916861
2/28/2015 5:00,25.22927806
2/28/2015 4:00,25.21365917
2/28/2015 3:00,18.403905
2/28/2015 2:00,17.61918167
2/28/2015 1:00,18.58021389
2/28/2015 0:00,17.86534111
2/27/2015 23:00,18.48926056
2/27/2015 22:00,17.25076444
2/27/2015 21:00,20.05388194
2/27/2015 20:00,17.98911111
2/27/2015 19:00,18.21985861
2/27/2015 18:00,19.84849694
2/27/2015 17:00,19.72435667
2/27/2015 16:00,31.03507667
2/27/2015 15:00,27.54161417
2/27/2015 14:00,31.68060944
2/27/2015 13:00,39.25304944
2/27/2015 12:00,41.32468139
2/27/2015 11:00,43.13690833
2/27/2015 10:00,46.92608639
2/27/2015 9:00,44.69935889
2/27/2015 8:00,42.49136889
2/27/2015 7:00,42.23040972
2/27/2015 6:00,40.79784194
2/27/2015 5:00,38.20990278
2/27/2015 4:00,29.6898375
2/27/2015 3:00,18.25554722
2/27/2015 2:00,16.87221917
2/27/2015 1:00,18.05443972
2/27/2015 0:00,17.05939417
2/26/2015 23:00,17.61092139
2/26/2015 22:00,16.49137083
2/26/2015 21:00,19.63747694
2/26/2015 20:00,18.66032694
2/26/2015 19:00,18.90877361
2/26/2015 18:00,22.40006833
2/26/2015 17:00,19.89099889
2/26/2015 16:00,31.51858889
2/26/2015 15:00,26.80561972
2/26/2015 14:00,31.66518917
2/26/2015 13:00,36.98734083
2/26/2015 12:00,37.80850861
2/26/2015 11:00,40.94687528
2/26/2015 10:00,41.60576417
2/26/2015 9:00,39.77095389
2/26/2015 8:00,39.63917333
2/26/2015 7:00,38.56537528
2/26/2015 6:00,35.69172278
2/26/2015 5:00,28.21829861
2/26/2015 4:00,26.51059417
2/26/2015 3:00,18.42385222
2/26/2015 2:00,16.10278278
2/26/2015 1:00,16.47512306
2/26/2015 0:00,15.19811694
2/25/2015 23:00,16.47312667
2/25/2015 22:00,15.50100917
2/25/2015 21:00,17.42837944
2/25/2015 20:00,16.52018333
2/25/2015 19:00,16.35449472
2/25/2015 18:00,18.5891575
2/25/2015 17:00,20.01138833
2/25/2015 16:00,32.46454472
2/25/2015 15:00,32.37338833
2/25/2015 14:00,34.84788194
2/25/2015 13:00,41.97880167
2/25/2015 12:00,45.72458222
2/25/2015 11:00,48.38621306
2/25/2015 10:00,49.33074333
2/25/2015 9:00,52.51347389
2/25/2015 8:00,52.93587583
2/25/2015 7:00,52.31339972
2/25/2015 6:00,53.16856639
2/25/2015 5:00,46.58450778
2/25/2015 4:00,35.125915
2/25/2015 3:00,19.96533444
2/25/2015 2:00,14.70610139
2/25/2015 1:00,15.45883611
2/25/2015 0:00,14.83169694
2/24/2015 23:00,16.23698361
2/24/2015 22:00,14.81273194
2/24/2015 21:00,18.39015333
2/24/2015 20:00,15.88586889
2/24/2015 19:00,15.12445778
2/24/2015 18:00,16.34745222
2/24/2015 17:00,18.88747944
2/24/2015 16:00,37.12124833
2/24/2015 15:00,32.92285833
2/24/2015 14:00,38.31578139
2/24/2015 13:00,49.22601667
2/24/2015 12:00,52.46995917
2/24/2015 11:00,54.59116889
2/24/2015 10:00,54.22247944
2/24/2015 9:00,54.22585611
2/24/2015 8:00,55.34264889
2/24/2015 7:00,55.12660861
2/24/2015 6:00,54.51141056
2/24/2015 5:00,47.17325667
2/24/2015 4:00,27.96166694
2/24/2015 3:00,19.44646528
2/24/2015 2:00,16.17671417
2/24/2015 1:00,16.99133111
2/24/2015 0:00,15.58824417
2/23/2015 23:00,15.91816389
2/23/2015 22:00,15.60259083
2/23/2015 21:00,17.95973556
2/23/2015 20:00,16.50820306
2/23/2015 19:00,16.60237694
2/23/2015 18:00,17.51924583
2/23/2015 17:00,20.38863222
2/23/2015 16:00,28.82331694
2/23/2015 15:00,28.42179722
2/23/2015 14:00,31.36793806
2/23/2015 13:00,38.34803639
2/23/2015 12:00,39.3482275
2/23/2015 11:00,40.79886917
2/23/2015 10:00,42.58121167
2/23/2015 9:00,42.37969139
2/23/2015 8:00,42.05916944
2/23/2015 7:00,43.13574861
2/23/2015 6:00,35.15221889
2/23/2015 5:00,31.84167
2/23/2015 4:00,26.07680944
2/23/2015 3:00,17.56053
2/23/2015 2:00,15.93576444
2/23/2015 1:00,17.43072667
2/23/2015 0:00,16.97848056
2/22/2015 23:00,17.22345361
2/22/2015 22:00,15.92724972
2/22/2015 21:00,16.94928222
2/22/2015 20:00,15.96274139
2/22/2015 19:00,16.27434833
2/22/2015 18:00,17.19751694
2/22/2015 17:00,15.97073778
2/22/2015 16:00,16.91246611
2/22/2015 15:00,15.69557806
2/22/2015 14:00,29.48869667
2/22/2015 13:00,30.55506889
2/22/2015 12:00,28.17699167
2/22/2015 11:00,28.298195
2/22/2015 10:00,27.87713833
2/22/2015 9:00,23.73159167
2/22/2015 8:00,24.31146167
2/22/2015 7:00,24.42369972
2/22/2015 6:00,23.91750056
2/22/2015 5:00,23.28159806
2/22/2015 4:00,22.88994111
2/22/2015 3:00,16.57706806
2/22/2015 2:00,15.08864389
2/22/2015 1:00,16.53450417
2/22/2015 0:00,15.3739675
2/21/2015 23:00,16.06074111
2/21/2015 22:00,15.22621972
2/21/2015 21:00,15.86526861
2/21/2015 20:00,15.49965056
2/21/2015 19:00,15.18133917
2/21/2015 18:00,15.41756667
2/21/2015 17:00,14.62495028
2/21/2015 16:00,15.65432528
2/21/2015 15:00,15.56482
2/21/2015 14:00,26.97268306
2/21/2015 13:00,27.3033875
2/21/2015 12:00,29.14804111
2/21/2015 11:00,33.47137639
2/21/2015 10:00,33.882855
2/21/2015 9:00,29.64766639
2/21/2015 8:00,31.68618583
2/21/2015 7:00,30.2766175
2/21/2015 6:00,30.70990167
2/21/2015 5:00,29.98542222
2/21/2015 4:00,31.04949083
2/21/2015 3:00,16.67094694
2/21/2015 2:00,15.55970444
2/21/2015 1:00,16.54987833
2/21/2015 0:00,15.32493889
2/20/2015 23:00,16.71980389
2/20/2015 22:00,15.35750028
2/20/2015 21:00,18.36636778
2/20/2015 20:00,16.36627333
2/20/2015 19:00,15.30868861
2/20/2015 18:00,17.50312111
2/20/2015 17:00,18.46633028
2/20/2015 16:00,35.71805806
2/20/2015 15:00,33.07938639
2/20/2015 14:00,36.73157389
2/20/2015 13:00,44.61621972
2/20/2015 12:00,46.28107167
2/20/2015 11:00,49.99340139
2/20/2015 10:00,49.87778028
2/20/2015 9:00,49.90339
2/20/2015 8:00,51.98323389
2/20/2015 7:00,51.34441278
2/20/2015 6:00,49.39818944
2/20/2015 5:00,45.91958278
2/20/2015 4:00,34.63044472
2/20/2015 3:00,15.21675333
2/20/2015 2:00,13.66038278
2/20/2015 1:00,14.80510444
2/20/2015 0:00,13.52939583
2/19/2015 23:00,14.73777889
2/19/2015 22:00,13.57772806
2/19/2015 21:00,17.05940889
2/19/2015 20:00,15.1355225
2/19/2015 19:00,14.88345056
2/19/2015 18:00,19.54701583
2/19/2015 17:00,19.71714417
2/19/2015 16:00,36.21696389
2/19/2015 15:00,35.44905972
2/19/2015 14:00,43.27782444
2/19/2015 13:00,55.57784278
2/19/2015 12:00,58.43091917
2/19/2015 11:00,60.84488861
2/19/2015 10:00,59.68331083
2/19/2015 9:00,56.42395417
2/19/2015 8:00,53.75508583
2/19/2015 7:00,57.75251167
2/19/2015 6:00,53.55317528
2/19/2015 5:00,47.24206333
2/19/2015 4:00,35.72672139
2/19/2015 3:00,16.26335722
2/19/2015 2:00,14.17482944
2/19/2015 1:00,15.33846306
2/19/2015 0:00,14.21056722
2/18/2015 23:00,15.06009278
2/18/2015 22:00,14.02769417
2/18/2015 21:00,17.19070194
2/18/2015 20:00,16.01521167
2/18/2015 19:00,15.76965306
2/18/2015 18:00,19.74189194
2/18/2015 17:00,20.33874722
2/18/2015 16:00,32.06029
2/18/2015 15:00,37.40230833
2/18/2015 14:00,41.17558278
2/18/2015 13:00,47.88180583
2/18/2015 12:00,50.81646889
2/18/2015 11:00,52.70169972
2/18/2015 10:00,51.57238278
2/18/2015 9:00,48.79361
2/18/2015 8:00,49.51815222
2/18/2015 7:00,51.43010944
2/18/2015 6:00,54.48647833
2/18/2015 5:00,42.54036556
2/18/2015 4:00,27.09847056
2/18/2015 3:00,16.3460125
2/18/2015 2:00,14.47039222
2/18/2015 1:00,15.64230917
2/18/2015 0:00,14.66083611
2/17/2015 23:00,16.12463139
2/17/2015 22:00,15.04485444
2/17/2015 21:00,16.72966194
2/17/2015 20:00,15.78921889
2/17/2015 19:00,15.47735028
2/17/2015 18:00,17.20098861
2/17/2015 17:00,20.42704444
2/17/2015 16:00,37.48452333
2/17/2015 15:00,34.56779111
2/17/2015 14:00,40.0091475
2/17/2015 13:00,47.23588306
2/17/2015 12:00,50.07653528
2/17/2015 11:00,51.28493444
2/17/2015 10:00,51.15609528
2/17/2015 9:00,50.12118444
2/17/2015 8:00,51.70691417
2/17/2015 7:00,53.86130361
2/17/2015 6:00,51.32754361
2/17/2015 5:00,36.12899083
2/17/2015 4:00,25.93147833
2/17/2015 3:00,17.89700833
2/17/2015 2:00,15.04120583
2/17/2015 1:00,15.48285056
2/17/2015 0:00,13.84401917
2/16/2015 23:00,15.00624889
2/16/2015 22:00,14.34676389
2/16/2015 21:00,16.96917917
2/16/2015 20:00,15.13790278
2/16/2015 19:00,14.46624306
2/16/2015 18:00,15.50981333
2/16/2015 17:00,15.04722889
2/16/2015 16:00,25.04329333
2/16/2015 15:00,28.15887694
2/16/2015 14:00,29.227265
2/16/2015 13:00,28.79076222
2/16/2015 12:00,32.21602028
2/16/2015 11:00,30.64122361
2/16/2015 10:00,31.79249
2/16/2015 9:00,29.66447194
2/16/2015 8:00,29.759405
2/16/2015 7:00,30.98570194
2/16/2015 6:00,28.47705861
2/16/2015 5:00,28.17159583
2/16/2015 4:00,28.00869
2/16/2015 3:00,15.41285861
2/16/2015 2:00,13.21179
2/16/2015 1:00,14.17332444
2/16/2015 0:00,12.92952056
2/15/2015 23:00,13.97952111
2/15/2015 22:00,12.8529675
2/15/2015 21:00,14.00417806
2/15/2015 20:00,12.74001306
2/15/2015 19:00,13.09941528
2/15/2015 18:00,13.39490028
2/15/2015 17:00,12.72646111
2/15/2015 16:00,13.7328075
2/15/2015 15:00,13.5156675
2/15/2015 14:00,31.28604389
2/15/2015 13:00,30.54254222
2/15/2015 12:00,32.50994278
2/15/2015 11:00,34.16537222
2/15/2015 10:00,31.7304825
2/15/2015 9:00,29.76339028
2/15/2015 8:00,29.53375694
2/15/2015 7:00,30.88147972
2/15/2015 6:00,31.43798778
2/15/2015 5:00,31.23901583
2/15/2015 4:00,28.45381083
2/15/2015 3:00,14.33891083
2/15/2015 2:00,13.47884694
2/15/2015 1:00,14.25933417
2/15/2015 0:00,13.48272028
2/14/2015 23:00,14.60153139
2/14/2015 22:00,13.5206925
2/14/2015 21:00,14.4368625
2/14/2015 20:00,14.72629306
2/14/2015 19:00,13.27680222
2/14/2015 18:00,12.08507528
2/14/2015 17:00,12.31088694
2/14/2015 16:00,12.35135833
2/14/2015 15:00,12.79122222
2/14/2015 14:00,36.19670944
2/14/2015 13:00,40.28626944
2/14/2015 12:00,40.51754722
2/14/2015 11:00,40.80971278
2/14/2015 10:00,37.45735528
2/14/2015 9:00,31.37288139
2/14/2015 8:00,31.085915
2/14/2015 7:00,33.620125
2/14/2015 6:00,34.18440722
2/14/2015 5:00,35.60299639
2/14/2015 4:00,30.60404722
2/14/2015 3:00,14.49289667
2/14/2015 2:00,13.6440075
2/14/2015 1:00,14.70174361
2/14/2015 0:00,13.61860111
2/13/2015 23:00,14.43103333
2/13/2015 22:00,13.60966611
2/13/2015 21:00,16.43114889
2/13/2015 20:00,13.9069775
2/13/2015 19:00,14.63740028
2/13/2015 18:00,17.11534028
2/13/2015 17:00,17.53611306
2/13/2015 16:00,36.09168083
2/13/2015 15:00,34.05805611
2/13/2015 14:00,38.83345139
2/13/2015 13:00,48.26048861
2/13/2015 12:00,52.77419444
2/13/2015 11:00,53.87168111
2/13/2015 10:00,53.70079472
2/13/2015 9:00,50.01996528
2/13/2015 8:00,54.87408694
2/13/2015 7:00,53.71499083
2/13/2015 6:00,52.93663278
2/13/2015 5:00,47.39729556
2/13/2015 4:00,33.57855222
2/13/2015 3:00,14.86989667
2/13/2015 2:00,13.53622944
2/13/2015 1:00,14.88811194
2/13/2015 0:00,13.26352556
2/12/2015 23:00,14.72760722
2/12/2015 22:00,13.52256333
2/12/2015 21:00,16.58958722
2/12/2015 20:00,15.23845167
2/12/2015 19:00,14.02013806
2/12/2015 18:00,15.33207333
2/12/2015 17:00,19.15857611
2/12/2015 16:00,37.14390972
2/12/2015 15:00,34.71333389
2/12/2015 14:00,43.7175725
2/12/2015 13:00,49.90816472
2/12/2015 12:00,52.45312472
2/12/2015 11:00,55.50220694
2/12/2015 10:00,54.13258167
2/12/2015 9:00,54.95080944
2/12/2015 8:00,53.45165
2/12/2015 7:00,52.41033722
2/12/2015 6:00,52.605015
2/12/2015 5:00,48.15471389
2/12/2015 4:00,37.30130056
2/12/2015 3:00,15.3761825
2/12/2015 2:00,13.56597472
2/12/2015 1:00,14.08108361
2/12/2015 0:00,13.17616556
2/11/2015 23:00,14.55518083
2/11/2015 22:00,12.98308889
2/11/2015 21:00,16.68867833
2/11/2015 20:00,14.9545525
2/11/2015 19:00,15.10845
2/11/2015 18:00,18.73600972
2/11/2015 17:00,17.90469472
2/11/2015 16:00,32.27602861
2/11/2015 15:00,34.83810583
2/11/2015 14:00,39.61656278
2/11/2015 13:00,47.78748111
2/11/2015 12:00,51.821115
2/11/2015 11:00,52.45858972
2/11/2015 10:00,52.35569528
2/11/2015 9:00,49.67392056
2/11/2015 8:00,53.50119667
2/11/2015 7:00,55.40190028
2/11/2015 6:00,54.37992111
2/11/2015 5:00,50.34114083
2/11/2015 4:00,36.77155806
2/11/2015 3:00,14.75192889
2/11/2015 2:00,12.90526833
2/11/2015 1:00,14.10436583
2/11/2015 0:00,13.83122472
2/10/2015 23:00,14.87057389
2/10/2015 22:00,13.62177
2/10/2015 21:00,14.51312944
2/10/2015 20:00,13.95775917
2/10/2015 19:00,16.51526389
2/10/2015 18:00,14.44465472
2/10/2015 17:00,19.31164944
2/10/2015 16:00,34.425545
2/10/2015 15:00,31.439545
2/10/2015 14:00,35.35215
2/10/2015 13:00,48.07195611
2/10/2015 12:00,51.96650944
2/10/2015 11:00,52.27819278
2/10/2015 10:00,51.78026
2/10/2015 9:00,51.82544306
2/10/2015 8:00,53.47790306
2/10/2015 7:00,56.55338278
2/10/2015 6:00,58.76122861
2/10/2015 5:00,56.72735056
2/10/2015 4:00,41.29152806
2/10/2015 3:00,14.73510389
2/10/2015 2:00,14.39778556
2/10/2015 1:00,14.80828556
2/10/2015 0:00,13.5659625
2/9/2015 23:00,13.65854472
2/9/2015 22:00,13.71149361
2/9/2015 21:00,14.70127
2/9/2015 20:00,14.04697833
2/9/2015 19:00,13.18965806
2/9/2015 18:00,14.41349722
2/9/2015 17:00,19.28149167
2/9/2015 16:00,36.02666722
2/9/2015 15:00,38.29938444
2/9/2015 14:00,48.17341667
2/9/2015 13:00,54.03716583
2/9/2015 12:00,56.07647056
2/9/2015 11:00,63.11458861
2/9/2015 10:00,68.80105556
2/9/2015 9:00,62.87787472
2/9/2015 8:00,61.35555528
2/9/2015 7:00,60.76021083
2/9/2015 6:00,58.70380806
2/9/2015 5:00,50.90099083
2/9/2015 4:00,35.93708417
2/9/2015 3:00,14.32744583
2/9/2015 2:00,12.78769944
2/9/2015 1:00,14.10732361
2/9/2015 0:00,12.64612639
2/8/2015 23:00,13.81644833
2/8/2015 22:00,12.45102528
2/8/2015 21:00,14.010505
2/8/2015 20:00,12.70590472
2/8/2015 19:00,12.53033194
2/8/2015 18:00,12.433115
2/8/2015 17:00,11.29423528
2/8/2015 16:00,11.21823889
2/8/2015 15:00,12.32177111
2/8/2015 14:00,38.62726583
2/8/2015 13:00,44.34172833
2/8/2015 12:00,45.89822917
2/8/2015 11:00,49.30786639
2/8/2015 10:00,48.73740111
2/8/2015 9:00,38.44836194
2/8/2015 8:00,36.43697028
2/8/2015 7:00,39.0663275
2/8/2015 6:00,38.64886889
2/8/2015 5:00,37.028185
2/8/2015 4:00,34.68513472
2/8/2015 3:00,12.82297056
2/8/2015 2:00,12.78521028
2/8/2015 1:00,13.56119611
2/8/2015 0:00,15.17044722
2/7/2015 23:00,13.84228333
2/7/2015 22:00,12.87040472
2/7/2015 21:00,12.51106722
2/7/2015 20:00,12.75540056
2/7/2015 19:00,12.46045111
2/7/2015 18:00,12.701625
2/7/2015 17:00,12.68723222
2/7/2015 16:00,12.5605825
2/7/2015 15:00,14.26219
2/7/2015 14:00,43.05282639
2/7/2015 13:00,47.74028
2/7/2015 12:00,51.22150889
2/7/2015 11:00,59.05857806
2/7/2015 10:00,57.23242472
2/7/2015 9:00,49.88223806
2/7/2015 8:00,49.78792944
2/7/2015 7:00,48.5845975
2/7/2015 6:00,44.68777639
2/7/2015 5:00,41.7167225
2/7/2015 4:00,34.41401028
2/7/2015 3:00,15.46033417
2/7/2015 2:00,14.47460083
2/7/2015 1:00,15.09515778
2/7/2015 0:00,14.35414028
2/6/2015 23:00,14.45699056
2/6/2015 22:00,14.547325
2/6/2015 21:00,13.60002361
2/6/2015 20:00,14.35759056
2/6/2015 19:00,13.91339667
2/6/2015 18:00,13.84676611
2/6/2015 17:00,15.69564417
2/6/2015 16:00,39.44379139
2/6/2015 15:00,38.60388889
2/6/2015 14:00,44.54996583
2/6/2015 13:00,53.45547028
2/6/2015 12:00,57.34505528
2/6/2015 11:00,58.05532444
2/6/2015 10:00,56.8615375
2/6/2015 9:00,58.1439825
2/6/2015 8:00,64.57824361
2/6/2015 7:00,64.49987417
2/6/2015 6:00,61.64320194
2/6/2015 5:00,45.34521778
2/6/2015 4:00,36.0482025
2/6/2015 3:00,15.31432722
2/6/2015 2:00,14.94963528
2/6/2015 1:00,16.24165167
2/6/2015 0:00,14.82357972
2/5/2015 23:00,15.75311722
2/5/2015 22:00,15.27663
2/5/2015 21:00,16.83832528
2/5/2015 20:00,19.65283917
2/5/2015 19:00,19.83920278
2/5/2015 18:00,18.80611694
2/5/2015 17:00,19.67543944
2/5/2015 16:00,37.21782639
2/5/2015 15:00,36.32352861
2/5/2015 14:00,41.55126333
2/5/2015 13:00,55.0468175
2/5/2015 12:00,54.48422417
2/5/2015 11:00,58.61384083
2/5/2015 10:00,57.27321167
2/5/2015 9:00,59.52757528
2/5/2015 8:00,59.11001611
2/5/2015 7:00,56.72170417
2/5/2015 6:00,53.40681083
2/5/2015 5:00,47.81627361
2/5/2015 4:00,37.48019972
2/5/2015 3:00,17.91861222
2/5/2015 2:00,15.12207333
2/5/2015 1:00,16.0456425
2/5/2015 0:00,15.21485861
2/4/2015 23:00,16.46329778
2/4/2015 22:00,15.03392556
2/4/2015 21:00,17.00884917
2/4/2015 20:00,16.35449806
2/4/2015 19:00,17.50988667
2/4/2015 18:00,17.72244028
2/4/2015 17:00,18.39182278
2/4/2015 16:00,31.57705833
2/4/2015 15:00,33.64452194
2/4/2015 14:00,36.41807806
2/4/2015 13:00,43.99402611
2/4/2015 12:00,48.62412556
2/4/2015 11:00,50.30979528
2/4/2015 10:00,49.33108583
2/4/2015 9:00,47.58406722
2/4/2015 8:00,47.28659806
2/4/2015 7:00,45.81121361
2/4/2015 6:00,43.85673944
2/4/2015 5:00,41.38679611
2/4/2015 4:00,25.79560444
2/4/2015 3:00,14.69105111
2/4/2015 2:00,12.54405278
2/4/2015 1:00,13.46431472
2/4/2015 0:00,12.21304556
2/3/2015 23:00,13.26016778
2/3/2015 22:00,12.17769444
2/3/2015 21:00,12.62958472
2/3/2015 20:00,13.0701525
2/3/2015 19:00,13.21824639
2/3/2015 18:00,15.95787583
2/3/2015 17:00,17.89341722
2/3/2015 16:00,35.89769583
2/3/2015 15:00,35.30227389
2/3/2015 14:00,42.72360694
2/3/2015 13:00,55.12738833
2/3/2015 12:00,54.40633389
2/3/2015 11:00,56.28835306
2/3/2015 10:00,55.87651222
2/3/2015 9:00,56.48828028
2/3/2015 8:00,55.3345625
2/3/2015 7:00,55.37347944
2/3/2015 6:00,49.39047306
2/3/2015 5:00,46.81013694
2/3/2015 4:00,36.70117472
2/3/2015 3:00,16.28933361
2/3/2015 2:00,14.56857667
2/3/2015 1:00,14.68260639
2/3/2015 0:00,13.21701056
2/2/2015 23:00,14.30089306
2/2/2015 22:00,13.40595028
2/2/2015 21:00,16.97946833
2/2/2015 20:00,15.17123389
2/2/2015 19:00,18.40752167
2/2/2015 18:00,17.9624875
2/2/2015 17:00,18.87356333
2/2/2015 16:00,31.50549056
2/2/2015 15:00,34.70154389
2/2/2015 14:00,44.70365278
2/2/2015 13:00,53.58167917
2/2/2015 12:00,50.66613278
2/2/2015 11:00,50.70948889
2/2/2015 10:00,51.33100611
2/2/2015 9:00,51.717825
2/2/2015 8:00,51.02728083
2/2/2015 7:00,53.94710611
2/2/2015 6:00,50.74379722
2/2/2015 5:00,44.91369
2/2/2015 4:00,27.74038111
2/2/2015 3:00,14.45938694
2/2/2015 2:00,12.59565417
2/2/2015 1:00,13.85935444
2/2/2015 0:00,12.95347667
2/1/2015 23:00,13.51977889
2/1/2015 22:00,12.32053667
2/1/2015 21:00,13.43904472
2/1/2015 20:00,12.407075
2/1/2015 19:00,13.23311667
2/1/2015 18:00,13.01693972
2/1/2015 17:00,12.28749056
2/1/2015 16:00,13.30162833
2/1/2015 15:00,13.26954778
2/1/2015 14:00,29.47268528
2/1/2015 13:00,32.13771639
2/1/2015 12:00,30.40946028
2/1/2015 11:00,30.90730056
2/1/2015 10:00,30.65889417
2/1/2015 9:00,26.74675333
2/1/2015 8:00,27.27998917
2/1/2015 7:00,26.78130278
2/1/2015 6:00,26.91020722
2/1/2015 5:00,21.30326028
2/1/2015 4:00,21.02189778
2/1/2015 3:00,14.06060583
2/1/2015 2:00,13.08149556
2/1/2015 1:00,13.81989444
2/1/2015 0:00,13.58453528
1/31/2015 23:00,14.09012306
1/31/2015 22:00,12.69001667
1/31/2015 21:00,13.76872389
1/31/2015 20:00,12.59343306
1/31/2015 19:00,13.00042917
1/31/2015 18:00,13.08269944
1/31/2015 17:00,12.51435556
1/31/2015 16:00,13.45955306
1/31/2015 15:00,13.9169275
1/31/2015 14:00,30.99385889
1/31/2015 13:00,31.64718139
1/31/2015 12:00,33.18217944
1/31/2015 11:00,32.26788333
1/31/2015 10:00,32.80036917
1/31/2015 9:00,29.06076917
1/31/2015 8:00,27.67993639
1/31/2015 7:00,28.20134028
1/31/2015 6:00,27.08158556
1/31/2015 5:00,27.72425472
1/31/2015 4:00,28.15123139
1/31/2015 3:00,14.14768083
1/31/2015 2:00,12.70161778
1/31/2015 1:00,14.05726222
1/31/2015 0:00,13.08835667
1/30/2015 23:00,13.63227222
1/30/2015 22:00,12.82516528
1/30/2015 21:00,15.79976417
1/30/2015 20:00,13.73137306
1/30/2015 19:00,12.74887667
1/30/2015 18:00,13.59517972
1/30/2015 17:00,14.09096611
1/30/2015 16:00,32.42354389
1/30/2015 15:00,31.01114278
1/30/2015 14:00,37.24353278
1/30/2015 13:00,47.52177944
1/30/2015 12:00,50.50126583
1/30/2015 11:00,53.76933361
1/30/2015 10:00,54.01395056
1/30/2015 9:00,52.14528
1/30/2015 8:00,54.36710139
1/30/2015 7:00,52.55103056
1/30/2015 6:00,50.07253639
1/30/2015 5:00,43.01600056
1/30/2015 4:00,34.81920972
1/30/2015 3:00,13.34214861
1/30/2015 2:00,12.061755
1/30/2015 1:00,13.212725
1/30/2015 0:00,12.07984583
1/29/2015 23:00,13.06550528
1/29/2015 22:00,12.64695639
1/29/2015 21:00,16.10322611
1/29/2015 20:00,13.25509556
1/29/2015 19:00,12.90098472
1/29/2015 18:00,15.20923806
1/29/2015 17:00,19.3260575
1/29/2015 16:00,36.18752694
1/29/2015 15:00,33.22043417
1/29/2015 14:00,38.85109806
1/29/2015 13:00,47.73286056
1/29/2015 12:00,53.51535472
1/29/2015 11:00,54.71843861
1/29/2015 10:00,52.34492306
1/29/2015 9:00,52.53271472
1/29/2015 8:00,54.53178278
1/29/2015 7:00,52.79585333
1/29/2015 6:00,50.89300417
1/29/2015 5:00,49.16483861
1/29/2015 4:00,36.35669944
1/29/2015 3:00,15.03300806
1/29/2015 2:00,12.90617472
1/29/2015 1:00,14.21294222
1/29/2015 0:00,13.37266944
1/28/2015 23:00,14.25809944
1/28/2015 22:00,12.96876056
1/28/2015 21:00,14.18619361
1/28/2015 20:00,14.47660417
1/28/2015 19:00,13.22244139
1/28/2015 18:00,17.40068889
1/28/2015 17:00,18.92754111
1/28/2015 16:00,33.20365278
1/28/2015 15:00,33.61558667
1/28/2015 14:00,41.06006056
1/28/2015 13:00,52.60338694
1/28/2015 12:00,59.46871833
1/28/2015 11:00,62.57554861
1/28/2015 10:00,61.63279639
1/28/2015 9:00,51.09050944
1/28/2015 8:00,54.62730056
1/28/2015 7:00,54.14654361
1/28/2015 6:00,54.47246056
1/28/2015 5:00,50.62893389
1/28/2015 4:00,36.93803139
1/28/2015 3:00,16.08386778
1/28/2015 2:00,14.39550694
1/28/2015 1:00,14.78953361
1/28/2015 0:00,12.98541306
1/27/2015 23:00,13.02314667
1/27/2015 22:00,12.80857
1/27/2015 21:00,13.23704417
1/27/2015 20:00,14.27176111
1/27/2015 19:00,13.83116306
1/27/2015 18:00,14.296595
1/27/2015 17:00,19.63315944
1/27/2015 16:00,42.63127944
1/27/2015 15:00,38.26254833
1/27/2015 14:00,43.71958889
1/27/2015 13:00,55.62175861
1/27/2015 12:00,61.83215417
1/27/2015 11:00,68.51604056
1/27/2015 10:00,63.38361167
1/27/2015 9:00,61.04531528
1/27/2015 8:00,67.32763222
1/27/2015 7:00,64.99406972
1/27/2015 6:00,62.21922722
1/27/2015 5:00,54.62838028
1/27/2015 4:00,39.12530611
1/27/2015 3:00,14.37281722
1/27/2015 2:00,13.54151083
1/27/2015 1:00,13.10560306
1/27/2015 0:00,12.86568694
1/26/2015 23:00,13.71432
1/26/2015 22:00,13.38639472
1/26/2015 21:00,15.36040694
1/26/2015 20:00,17.24079611
1/26/2015 19:00,15.79265028
1/26/2015 18:00,16.23959
1/26/2015 17:00,18.56103944
1/26/2015 16:00,33.90607722
1/26/2015 15:00,38.26217361
1/26/2015 14:00,42.40725306
1/26/2015 13:00,51.74628639
1/26/2015 12:00,55.52400444
1/26/2015 11:00,60.09956472
1/26/2015 10:00,57.59999889
1/26/2015 9:00,56.66379111
1/26/2015 8:00,63.23618028
1/26/2015 7:00,57.95010611
1/26/2015 6:00,55.94416139
1/26/2015 5:00,48.48019944
1/26/2015 4:00,32.95979528
1/26/2015 3:00,14.44502833
1/26/2015 2:00,13.77512222
1/26/2015 1:00,14.91888194
1/26/2015 0:00,13.75483972
1/25/2015 23:00,14.77769917
1/25/2015 22:00,13.76629389
1/25/2015 21:00,14.793815
1/25/2015 20:00,13.62889556
1/25/2015 19:00,14.83499667
1/25/2015 18:00,13.65938556
1/25/2015 17:00,13.51001861
1/25/2015 16:00,13.64557861
1/25/2015 15:00,14.62621833
1/25/2015 14:00,33.1996025
1/25/2015 13:00,36.64836278
1/25/2015 12:00,40.70578944
1/25/2015 11:00,40.65506722
1/25/2015 10:00,38.71451833
1/25/2015 9:00,33.47969167
1/25/2015 8:00,35.67334
1/25/2015 7:00,33.14503278
1/25/2015 6:00,32.98998556
1/25/2015 5:00,30.51477389
1/25/2015 4:00,30.54520556
1/25/2015 3:00,16.81046806
1/25/2015 2:00,15.8860875
1/25/2015 1:00,16.81123889
1/25/2015 0:00,15.81505861
1/24/2015 23:00,16.57912167
1/24/2015 22:00,15.47048722
1/24/2015 21:00,16.57451028
1/24/2015 20:00,15.20345194
1/24/2015 19:00,15.44908444
1/24/2015 18:00,15.93286361
1/24/2015 17:00,15.37093278
1/24/2015 16:00,16.38857806
1/24/2015 15:00,16.11422111
1/24/2015 14:00,33.89708611
1/24/2015 13:00,33.93357444
1/24/2015 12:00,33.95043861
1/24/2015 11:00,34.02717361
1/24/2015 10:00,37.77193778
1/24/2015 9:00,32.49574417
1/24/2015 8:00,30.73037639
1/24/2015 7:00,30.49077778
1/24/2015 6:00,30.14959417
1/24/2015 5:00,29.43766583
1/24/2015 4:00,29.51215611
1/24/2015 3:00,16.60165778
1/24/2015 2:00,15.5800175
1/24/2015 1:00,16.19948222
1/24/2015 0:00,15.33481528
1/23/2015 23:00,16.57006028
1/23/2015 22:00,15.26931167
1/23/2015 21:00,18.61815861
1/23/2015 20:00,16.10650833
1/23/2015 19:00,15.30304889
1/23/2015 18:00,16.25325361
1/23/2015 17:00,16.75458944
1/23/2015 16:00,34.47305667
1/23/2015 15:00,35.25590361
1/23/2015 14:00,37.92594056
1/23/2015 13:00,46.98252944
1/23/2015 12:00,51.86419306
1/23/2015 11:00,52.13788944
1/23/2015 10:00,49.96636972
1/23/2015 9:00,53.04980639
1/23/2015 8:00,57.50942278
1/23/2015 7:00,56.88226333
1/23/2015 6:00,55.07707833
1/23/2015 5:00,50.07317944
1/23/2015 4:00,35.48115694
1/23/2015 3:00,17.50983361
1/23/2015 2:00,15.78096583
1/23/2015 1:00,16.98120861
1/23/2015 0:00,15.99448028
1/22/2015 23:00,16.80079417
1/22/2015 22:00,15.96001389
1/22/2015 21:00,19.3864875
1/22/2015 20:00,17.43728444
1/22/2015 19:00,18.98966667
1/22/2015 18:00,22.74599111
1/22/2015 17:00,20.79905556
1/22/2015 16:00,36.80395389
1/22/2015 15:00,34.98398889
1/22/2015 14:00,38.98784889
1/22/2015 13:00,47.77457583
1/22/2015 12:00,51.50846472
1/22/2015 11:00,53.0091525
1/22/2015 10:00,52.70995361
1/22/2015 9:00,50.59987889
1/22/2015 8:00,53.29062722
1/22/2015 7:00,56.01661028
1/22/2015 6:00,44.09784222
1/22/2015 5:00,40.52494194
1/22/2015 4:00,31.28483833
1/22/2015 3:00,16.57464194
1/22/2015 2:00,14.50161667
1/22/2015 1:00,16.34252722
1/22/2015 0:00,14.60265139
1/21/2015 23:00,15.22946639
1/21/2015 22:00,14.11136083
1/21/2015 21:00,16.97286778
1/21/2015 20:00,15.31094139
1/21/2015 19:00,16.444715
1/21/2015 18:00,19.60396
1/21/2015 17:00,18.43851
1/21/2015 16:00,26.30992667
1/21/2015 15:00,35.90392083
1/21/2015 14:00,40.27930722
1/21/2015 13:00,45.28386694
1/21/2015 12:00,47.810605
1/21/2015 11:00,51.36110556
1/21/2015 10:00,52.8029075
1/21/2015 9:00,48.69980806
1/21/2015 8:00,50.36808194
1/21/2015 7:00,49.61438778
1/21/2015 6:00,49.69876944
1/21/2015 5:00,44.83669639
1/21/2015 4:00,34.7160925
1/21/2015 3:00,15.06503028
1/21/2015 2:00,13.50005639
1/21/2015 1:00,14.53154139
1/21/2015 0:00,13.36993722
1/20/2015 23:00,14.29719722
1/20/2015 22:00,13.15510639
1/20/2015 21:00,16.89141778
1/20/2015 20:00,14.98492528
1/20/2015 19:00,14.32070806
1/20/2015 18:00,18.67866611
1/20/2015 17:00,19.38373944
1/20/2015 16:00,37.11237417
1/20/2015 15:00,35.99838556
1/20/2015 14:00,41.20175833
1/20/2015 13:00,47.75391361
1/20/2015 12:00,52.91359278
1/20/2015 11:00,54.34703389
1/20/2015 10:00,52.02955056
1/20/2015 9:00,53.84629278
1/20/2015 8:00,56.29687278
1/20/2015 7:00,53.48553472
1/20/2015 6:00,53.74245361
1/20/2015 5:00,45.77202389
1/20/2015 4:00,35.3708125
1/20/2015 3:00,14.63208194
1/20/2015 2:00,13.07397667
1/20/2015 1:00,13.51869278
1/20/2015 0:00,12.47190917
1/19/2015 23:00,13.5011875
1/19/2015 22:00,12.71687139
1/19/2015 21:00,13.63836278
1/19/2015 20:00,14.12763361
1/19/2015 19:00,13.49380583
1/19/2015 18:00,14.54648917
1/19/2015 17:00,17.45826167
1/19/2015 16:00,28.83876528
1/19/2015 15:00,28.65978
1/19/2015 14:00,29.35819944
1/19/2015 13:00,32.12306083
1/19/2015 12:00,34.69482889
1/19/2015 11:00,36.31691306
1/19/2015 10:00,35.85875917
1/19/2015 9:00,35.50399
1/19/2015 8:00,34.36843889
1/19/2015 7:00,37.23298722
1/19/2015 6:00,30.24224611
1/19/2015 5:00,28.17849583
1/19/2015 4:00,27.35615111
1/19/2015 3:00,12.06779361
1/19/2015 2:00,12.51367361
1/19/2015 1:00,12.81263944
1/19/2015 0:00,12.26826056
1/18/2015 23:00,13.24961583
1/18/2015 22:00,11.89635278
1/18/2015 21:00,13.50693361
1/18/2015 20:00,12.09489583
1/18/2015 19:00,11.77148444
1/18/2015 18:00,11.67801583
1/18/2015 17:00,11.973185
1/18/2015 16:00,12.83452417
1/18/2015 15:00,16.35857556
1/18/2015 14:00,36.005615
1/18/2015 13:00,38.60137972
1/18/2015 12:00,42.07001278
1/18/2015 11:00,40.01190361
1/18/2015 10:00,41.26026917
1/18/2015 9:00,33.21632694
1/18/2015 8:00,29.74378056
1/18/2015 7:00,33.74132
1/18/2015 6:00,28.83016861
1/18/2015 5:00,27.584325
1/18/2015 4:00,28.08179167
1/18/2015 3:00,12.41724528
1/18/2015 2:00,13.09803861
1/18/2015 1:00,12.00955833
1/18/2015 0:00,12.16730694
1/17/2015 23:00,12.13842139
1/17/2015 22:00,11.95230111
1/17/2015 21:00,13.32681528
1/17/2015 20:00,11.94112028
1/17/2015 19:00,13.32832778
1/17/2015 18:00,12.25663778
1/17/2015 17:00,11.67169639
1/17/2015 16:00,13.00713583
1/17/2015 15:00,12.86494028
1/17/2015 14:00,30.00845028
1/17/2015 13:00,29.87117528
1/17/2015 12:00,30.58743306
1/17/2015 11:00,31.14254667
1/17/2015 10:00,31.00391722
1/17/2015 9:00,28.25893861
1/17/2015 8:00,27.63661444
1/17/2015 7:00,27.97217556
1/17/2015 6:00,28.54720972
1/17/2015 5:00,25.87189694
1/17/2015 4:00,26.10290139
1/17/2015 3:00,13.47134639
1/17/2015 2:00,12.49987917
1/17/2015 1:00,13.33738833
1/17/2015 0:00,12.61392361
1/16/2015 23:00,13.50230806
1/16/2015 22:00,12.22327278
1/16/2015 21:00,13.2757375
1/16/2015 20:00,12.45533667
1/16/2015 19:00,13.712815
1/16/2015 18:00,15.62911583
1/16/2015 17:00,16.78326306
1/16/2015 16:00,40.22680889
1/16/2015 15:00,34.95891667
1/16/2015 14:00,40.42595472
1/16/2015 13:00,45.08003667
1/16/2015 12:00,50.26170889
1/16/2015 11:00,53.80714333
1/16/2015 10:00,54.13955944
1/16/2015 9:00,47.49938556
1/16/2015 8:00,49.97305667
1/16/2015 7:00,48.95524889
1/16/2015 6:00,46.89474083
1/16/2015 5:00,42.89939722
1/16/2015 4:00,36.49887556
1/16/2015 3:00,15.68030556
1/16/2015 2:00,14.43347889
1/16/2015 1:00,15.98095306
1/16/2015 0:00,14.7189225
1/15/2015 23:00,15.85123389
1/15/2015 22:00,14.680705
1/15/2015 21:00,20.32958194
1/15/2015 20:00,18.17790028
1/15/2015 19:00,19.3589675
1/15/2015 18:00,19.87033333
1/15/2015 17:00,19.27594528
1/15/2015 16:00,36.73902389
1/15/2015 15:00,35.39068528
1/15/2015 14:00,42.44169389
1/15/2015 13:00,51.69260222
1/15/2015 12:00,57.22567083
1/15/2015 11:00,62.64322889
1/15/2015 10:00,56.11308889
1/15/2015 9:00,54.10190083
1/15/2015 8:00,51.87565556
1/15/2015 7:00,54.00408056
1/15/2015 6:00,53.59731778
1/15/2015 5:00,48.35253472
1/15/2015 4:00,37.76073056
1/15/2015 3:00,18.20825444
1/15/2015 2:00,15.7718625
1/15/2015 1:00,16.73939306
1/15/2015 0:00,15.97595417
1/14/2015 23:00,16.86064583
1/14/2015 22:00,15.29821306
1/14/2015 21:00,19.43918444
1/14/2015 20:00,18.89220639
1/14/2015 19:00,19.48300639
1/14/2015 18:00,20.41118806
1/14/2015 17:00,20.54434278
1/14/2015 16:00,32.84236139
1/14/2015 15:00,34.89412111
1/14/2015 14:00,42.92814833
1/14/2015 13:00,50.04387722
1/14/2015 12:00,51.86536611
1/14/2015 11:00,53.94095528
1/14/2015 10:00,54.69303306
1/14/2015 9:00,51.91493028
1/14/2015 8:00,51.44312028
1/14/2015 7:00,53.845055
1/14/2015 6:00,53.06137111
1/14/2015 5:00,38.99546972
1/14/2015 4:00,28.95292417
1/14/2015 3:00,17.81482722
1/14/2015 2:00,15.65788333
1/14/2015 1:00,16.50635194
1/14/2015 0:00,15.56189111
1/13/2015 23:00,16.44433972
1/13/2015 22:00,15.60472972
1/13/2015 21:00,19.19784667
1/13/2015 20:00,17.28546083
1/13/2015 19:00,19.11606639
1/13/2015 18:00,20.27195333
1/13/2015 17:00,21.70293222
1/13/2015 16:00,37.76970722
1/13/2015 15:00,34.99567333
1/13/2015 14:00,40.42578639
1/13/2015 13:00,48.6357025
1/13/2015 12:00,52.51264111
1/13/2015 11:00,52.29020833
1/13/2015 10:00,53.13954639
1/13/2015 9:00,51.66302389
1/13/2015 8:00,52.39176861
1/13/2015 7:00,52.22865028
1/13/2015 6:00,51.24591361
1/13/2015 5:00,47.38022556
1/13/2015 4:00,30.52193667
1/13/2015 3:00,18.63100667
1/13/2015 2:00,16.75479972
1/13/2015 1:00,18.05129611
1/13/2015 0:00,16.72815583
1/12/2015 23:00,17.3163975
1/12/2015 22:00,16.19103833
1/12/2015 21:00,19.19616472
1/12/2015 20:00,17.80610806
1/12/2015 19:00,17.32380917
1/12/2015 18:00,20.828525
1/12/2015 17:00,21.45410694
1/12/2015 16:00,28.58939222
1/12/2015 15:00,32.63169778
1/12/2015 14:00,36.44787556
1/12/2015 13:00,42.23101528
1/12/2015 12:00,42.25980278
1/12/2015 11:00,44.17977806
1/12/2015 10:00,44.14509972
1/12/2015 9:00,43.96054444
1/12/2015 8:00,44.862555
1/12/2015 7:00,43.79576333
1/12/2015 6:00,43.17737528
1/12/2015 5:00,39.31697222
1/12/2015 4:00,28.91250028
1/12/2015 3:00,16.74740861
1/12/2015 2:00,15.093745
1/12/2015 1:00,15.99081361
1/12/2015 0:00,14.97956
1/11/2015 23:00,15.76137389
1/11/2015 22:00,15.43701611
1/11/2015 21:00,15.85410889
1/11/2015 20:00,14.69721222
1/11/2015 19:00,15.25640556
1/11/2015 18:00,16.47448222
1/11/2015 17:00,15.27801333
1/11/2015 16:00,16.35773611
1/11/2015 15:00,18.08197611
1/11/2015 14:00,36.87802333
1/11/2015 13:00,36.87677056
1/11/2015 12:00,35.34272472
1/11/2015 11:00,34.54554306
1/11/2015 10:00,34.94469972
1/11/2015 9:00,30.29817972
1/11/2015 8:00,30.70302
1/11/2015 7:00,30.30964778
1/11/2015 6:00,30.07358444
1/11/2015 5:00,30.79566528
1/11/2015 4:00,30.51068778
1/11/2015 3:00,17.02015806
1/11/2015 2:00,16.0497125
1/11/2015 1:00,16.87778861
1/11/2015 0:00,15.83109083
1/10/2015 23:00,16.93662194
1/10/2015 22:00,15.91093806
1/10/2015 21:00,16.58155417
1/10/2015 20:00,15.44888722
1/10/2015 19:00,16.1791875
1/10/2015 18:00,16.28503639
1/10/2015 17:00,15.52554139
1/10/2015 16:00,16.57800722
1/10/2015 15:00,17.22601722
1/10/2015 14:00,34.94343083
1/10/2015 13:00,35.3462375
1/10/2015 12:00,36.09150806
1/10/2015 11:00,36.23723111
1/10/2015 10:00,38.48909
1/10/2015 9:00,34.19196611
1/10/2015 8:00,31.17065472
1/10/2015 7:00,31.14783417
1/10/2015 6:00,31.03827583
1/10/2015 5:00,31.47576972
1/10/2015 4:00,31.22464583
1/10/2015 3:00,17.55209083
1/10/2015 2:00,16.26077444
1/10/2015 1:00,17.86100222
1/10/2015 0:00,16.51825333
1/9/2015 23:00,17.27192278
1/9/2015 22:00,16.27738639
1/9/2015 21:00,18.76814917
1/9/2015 20:00,17.52821583
1/9/2015 19:00,16.67068333
1/9/2015 18:00,18.18166667
1/9/2015 17:00,17.91301944
1/9/2015 16:00,30.72084278
1/9/2015 15:00,27.53428083
1/9/2015 14:00,29.78610417
1/9/2015 13:00,40.17859222
1/9/2015 12:00,47.83103722
1/9/2015 11:00,48.39421056
1/9/2015 10:00,48.0952975
1/9/2015 9:00,52.21266167
1/9/2015 8:00,55.14228167
1/9/2015 7:00,42.20251667
1/9/2015 6:00,40.14142444
1/9/2015 5:00,37.03764583
1/9/2015 4:00,28.15689778
1/9/2015 3:00,15.69666833
1/9/2015 2:00,14.57071361
1/9/2015 1:00,16.36159722
1/9/2015 0:00,14.32701083
1/8/2015 23:00,15.06840889
1/8/2015 22:00,14.02251556
1/8/2015 21:00,16.18210333
1/8/2015 20:00,17.27588389
1/8/2015 19:00,17.53622806
1/8/2015 18:00,19.46593694
1/8/2015 17:00,19.36502972
1/8/2015 16:00,35.33199917
1/8/2015 15:00,34.15884722
1/8/2015 14:00,40.62964889
1/8/2015 13:00,51.03115333
1/8/2015 12:00,56.29521111
1/8/2015 11:00,56.10200222
1/8/2015 10:00,59.30985222
1/8/2015 9:00,53.11573278
1/8/2015 8:00,56.03650167
1/8/2015 7:00,56.02556889
1/8/2015 6:00,51.38818083
1/8/2015 5:00,47.20852889
1/8/2015 4:00,36.03757194
1/8/2015 3:00,16.12083611
1/8/2015 2:00,16.11705028
1/8/2015 1:00,15.53089028
1/8/2015 0:00,15.78974167
1/7/2015 23:00,16.0621225
1/7/2015 22:00,15.32193583
1/7/2015 21:00,15.50501889
1/7/2015 20:00,16.71813639
1/7/2015 19:00,19.11645944
1/7/2015 18:00,21.58806639
1/7/2015 17:00,20.60068778
1/7/2015 16:00,27.77530417
1/7/2015 15:00,30.40428444
1/7/2015 14:00,33.32173389
1/7/2015 13:00,41.20877639
1/7/2015 12:00,48.55092444
1/7/2015 11:00,49.60920111
1/7/2015 10:00,48.63954722
1/7/2015 9:00,53.47240139
1/7/2015 8:00,42.027785
1/7/2015 7:00,44.45260861
1/7/2015 6:00,44.30907222
1/7/2015 5:00,38.84983472
1/7/2015 4:00,28.62137056
1/7/2015 3:00,18.81128556
1/7/2015 2:00,17.17466472
1/7/2015 1:00,18.49503556
1/7/2015 0:00,17.35318778
1/6/2015 23:00,17.36943056
1/6/2015 22:00,18.75331306
1/6/2015 21:00,21.31417306
1/6/2015 20:00,19.09057861
1/6/2015 19:00,19.52451583
1/6/2015 18:00,18.37422889
1/6/2015 17:00,19.71191389
1/6/2015 16:00,38.20899278
1/6/2015 15:00,35.85151306
1/6/2015 14:00,40.36543417
1/6/2015 13:00,52.65410056
1/6/2015 12:00,56.72379306
1/6/2015 11:00,56.37096528
1/6/2015 10:00,55.54941389
1/6/2015 9:00,53.85160944
1/6/2015 8:00,54.951215
1/6/2015 7:00,55.39853861
1/6/2015 6:00,49.96515889
1/6/2015 5:00,45.41382667
1/6/2015 4:00,36.97058222
1/6/2015 3:00,21.83912833
1/6/2015 2:00,16.5328175
1/6/2015 1:00,17.05835333
1/6/2015 0:00,16.00512583
1/5/2015 23:00,17.02520806
1/5/2015 22:00,15.80783472
1/5/2015 21:00,17.84555417
1/5/2015 20:00,16.91208917
1/5/2015 19:00,17.26537083
1/5/2015 18:00,21.01899778
1/5/2015 17:00,21.14826583
1/5/2015 16:00,35.3826775
1/5/2015 15:00,36.72423278
1/5/2015 14:00,43.54848944
1/5/2015 13:00,53.08214222
1/5/2015 12:00,56.76741444
1/5/2015 11:00,57.49110667
1/5/2015 10:00,55.0420725
1/5/2015 9:00,56.50983444
1/5/2015 8:00,54.14856194
1/5/2015 7:00,53.71285417
1/5/2015 6:00,42.6680675
1/5/2015 5:00,40.49233
1/5/2015 4:00,28.70808306
1/5/2015 3:00,18.94848972
1/5/2015 2:00,16.64481639
1/5/2015 1:00,17.54238667
1/5/2015 0:00,16.12171639
1/4/2015 23:00,17.15959083
1/4/2015 22:00,16.69864861
1/4/2015 21:00,16.99614806
1/4/2015 20:00,15.89833917
1/4/2015 19:00,16.15644667
1/4/2015 18:00,16.94582139
1/4/2015 17:00,15.76500333
1/4/2015 16:00,16.38006444
1/4/2015 15:00,15.95059528
1/4/2015 14:00,31.17431639
1/4/2015 13:00,32.00849083
1/4/2015 12:00,33.41084944
1/4/2015 11:00,34.37925278
1/4/2015 10:00,34.03896972
1/4/2015 9:00,24.66245444
1/4/2015 8:00,22.73077694
1/4/2015 7:00,22.49378667
1/4/2015 6:00,22.43864194
1/4/2015 5:00,22.64620444
1/4/2015 4:00,23.48818194
1/4/2015 3:00,19.72909389
1/4/2015 2:00,17.28096917
1/4/2015 1:00,18.69103139
1/4/2015 0:00,17.10479944
1/3/2015 23:00,18.07232722
1/3/2015 22:00,17.60030139
1/3/2015 21:00,18.38724889
1/3/2015 20:00,16.71438611
1/3/2015 19:00,17.30500306
1/3/2015 18:00,18.07704583
1/3/2015 17:00,16.63773667
1/3/2015 16:00,17.76085167
1/3/2015 15:00,17.32794972
1/3/2015 14:00,28.61356472
1/3/2015 13:00,28.66441889
1/3/2015 12:00,28.42450667
1/3/2015 11:00,30.91861972
1/3/2015 10:00,34.710455
1/3/2015 9:00,30.38452083
1/3/2015 8:00,30.984405
1/3/2015 7:00,30.30109639
1/3/2015 6:00,31.09587806
1/3/2015 5:00,32.58582444
1/3/2015 4:00,23.64750583
1/3/2015 3:00,19.4290325
1/3/2015 2:00,16.82232361
1/3/2015 1:00,18.17239639
1/3/2015 0:00,17.11513
1/2/2015 23:00,18.07216028
1/2/2015 22:00,16.65781306
1/2/2015 21:00,19.1469275
1/2/2015 20:00,17.63618
1/2/2015 19:00,16.71082667
1/2/2015 18:00,17.938715
1/2/2015 17:00,17.12117722
1/2/2015 16:00,30.06166778
1/2/2015 15:00,30.13684917
1/2/2015 14:00,31.74308361
1/2/2015 13:00,36.84134111
1/2/2015 12:00,39.59691917
1/2/2015 11:00,40.84715111
1/2/2015 10:00,41.46961722
1/2/2015 9:00,41.19993972
1/2/2015 8:00,41.58877639
1/2/2015 7:00,40.25527722
1/2/2015 6:00,37.81542306
1/2/2015 5:00,35.58813778
1/2/2015 4:00,24.94253861
1/2/2015 3:00,18.76816472
1/2/2015 2:00,16.09527083
1/2/2015 1:00,17.14872583
1/2/2015 0:00,16.89539444
1/1/2015 23:00,17.31619056
1/1/2015 22:00,15.87553639
1/1/2015 21:00,18.77612139
1/1/2015 20:00,17.39888083
1/1/2015 19:00,16.28569722
1/1/2015 18:00,18.50598278
1/1/2015 17:00,16.88424889
1/1/2015 16:00,22.88426056
1/1/2015 15:00,27.71221972
1/1/2015 14:00,28.30444528
1/1/2015 13:00,28.10402389
1/1/2015 12:00,28.73717083
1/1/2015 11:00,28.21757972
1/1/2015 10:00,28.69055444
1/1/2015 9:00,28.35105639
1/1/2015 8:00,33.20558528
1/1/2015 7:00,22.96922389
1/1/2015 6:00,22.75991167
1/1/2015 5:00,22.75519056
1/1/2015 4:00,22.65825583
1/1/2015 3:00,20.14191778
1/1/2015 2:00,17.01915306
1/1/2015 1:00,17.98038389
1/1/2015 0:00,16.38209139